id,director
1,unknown
2,meghan o'hara
3,andrew renzi
4,kirsten johnson
5,jonathon link
6,ian cheney
7,dhruv dhawan
8,adam bolt
9,lina al abed
10,andrucha waddington
11,pedro waddington
12,picky talarico
13,pailin wedel
14,mfanelo ngoma
15,sue kim
16,chris howe
17,raoul peck
18,manatsanun phanlerdwongsakul
19,darren lynn bousman
20,diego pignataro
21,chris rock
22,juliet may
23,stanley nelson
24,thomas toby parkinson
25,tom barton-humphreys
26,vlad yudin
27,michael m. scott
28,jay karas
29,rob zombie
30,jay chapman
31,jeff orlowski
32,kä±vanã§ baruã¶nã¼
33,edward cotterill
34,ahmed saleh
35,michael showalter
36,skye borgman
37,michael drumm
38,troy miller
39,alex coletti
40,terrie samundra
41,alex merkin
42,puneet khanna
43,abhishek chaubey
44,j. michael long
45,prakash kunte
46,manish saini
47,davis guggenheim
48,peter mcdonnell
49,kristian mercado
50,mohamed samy
51,albert sharpe
52,mike doyle
53,denis hennelly
54,casey suchan
55,charlie siskel
56,ravishankar venkateswaran
57,vijay s. bhanushali
58,darren grant
59,daniel ablin
60,benjamin turner
61,gabe turner
62,cathy garcia-molina
63,julien leclercq
64,mike flanagan
65,robert cullen
66,josã© luis ucha
67,haile gerima
68,andy devonshire
69,theodore melfi
70,kongkiat komesiri
71,christian schwochow
72,bruno garotti
73,pedro de echave garcã­a
74,pablo azorã­n williams
75,maã¯a sandoz
76,adam salky
77,olivier megaton
78,k.s. ravikumar
79,alex woo
80,stanley moore
81,s. shankar
82,rajiv menon
83,dennis dugan
84,scott stewart
85,robert luketic
86,ashwiny iyer tiwari
87,saket chaudhary
88,daniel sandu
89,cã©dric jimenez
90,george nolfi
91,steven spielberg
92,jeannot szwarc
93,joe alves
94,joseph sargent
95,tyler greco
96,daniel espinosa
97,bunmi ajakaiye
98,antoine fuqua
99,toshiya shinohara
100,james wan
101,masahiko murata
102,hajime kamegaki
103,hirotsugu kawasaki
104,toshiyuki tsuru
105,tensai okamura
106,david yarovesky
107,hanns-bruno kammertã¶ns
108,vanessa nã¶cker
109,michael wech
110,david a. vargas
111,kemi adetiba
112,ben simms
113,prakash satam
114,delhiprasad deenadayalan
115,tomer eshed
116,cedric nicolas-troyan
117,jjc skillz
118,funke akindele
119,thomas sieben
120,marcus clarke
121,alice waddington
122,mona achache
123,patricia tourancheau
124,alexis almstrã¶m
125,raja gosnell
126,stephen kijak
127,chapman way
128,maclain way
129,jason hehir
130,yemi amodu
131,lijo jose pellissery
132,david de vos
133,luis alfaro
134,javier gã³mez santander
135,sara colangelo
136,stephen herek
137,rahul rawail
138,jane campion
139,nagesh kukunoor
140,luke holland
141,shanker raman
142,jp habac
143,vidhu vinod chopra
144,mark rosman
145,gilles paquet-brenner
146,lasse hallstrã¶m
147,scott pleydell-pearce
148,ridley scott
149,neill blomkamp
150,phillip noyce
151,renny harlin
152,anthony minghella
153,simon wincer
154,spike lee
155,sebastiã¡n schindel
156,steven c. miller
157,richard lagravenese
158,martin campbell
159,reginald hudlin
160,george jackson
161,doug mchenry
162,eric meza
163,gerhard mostert
164,michael martin
165,michael rymer
166,andrew lau wai-keung
167,alan mak
168,brett weiner
169,jim henson
170,gary winick
171,danishka esterhazy
172,troy byer
173,pang ho-cheung
174,tim burton
175,david zucker
176,kinka usher
177,sergio leone
178,matthew o'callaghan
179,todd wilderman
180,bobby farrelly
181,peter farrelly
182,wolfgang petersen
183,peter spirer
184,michael carney
185,richard linklater
186,amy rice
187,randal kleiser
188,michael ritchie
189,j. lee thompson
190,evan goldberg
191,seth rogen
192,tom shadyac
193,peter segal
194,malcolm d. lee
195,ramzy bedia
196,ã©ric judor
197,sharan koppisetty
198,taylor sheridan
199,sachin yardi
200,saurabh kabra
201,mark waters
202,partho mitra
203,santram varma
204,anil v. kumar
205,anurag basu
206,sangeeth sivan
207,umesh ghadge
208,david dhawan
209,dibakar banerjee
210,apoorva lakhia
211,milan luthria
212,pawan kripalani
213,bhushan patel
214,magnus martens
215,raj nidimoru
216,krishna d.k.
217,joshua rofã©
218,brad anderson
219,mauricio dias
220,tatiana villela
221,angel kristi williams
222,roger donaldson
223,christopher alender
224,rush sturges
225,david oyelowo
226,mark lo
227,crystal moselle
228,rathindran r prasad
229,han kwang il
230,karim el shenawy
231,yin chen-hao
232,brian andrew mendoza
233,dave needham
234,veronica velasco
235,drake doremus
236,miguel alexandre
237,mani ratnam
238,michael harte
239,tosin igho
240,alice filippi
241,paakhi tyrewala
242,laura brownson
243,steve brill
244,moses inwang
245,ferdinando cito filomarino
246,juan carlos medina
247,inma torrente
248,juliã¡n gaviria
249,steven yamamoto
250,charles uwagbai
251,juliã¡n hernã¡ndez
252,sam hobkinson
253,vince marcello
254,jonathan teplitzky
255,sakon tiacharoen
256,floyd russ
257,dustin hoffman
258,adze ugah
259,hideaki takizawa
260,quoc bao tran
261,justin baldoni
262,bejoy nambiar
263,priyadarshan
264,karthik narain
265,kayode kasum
266,just philippot
267,kirk demicco
268,brandon jeffords
269,rohit shetty
270,cavi borges
271,luciano vidigal
272,alejandro doria
273,laura fairrie
274,marcelo piã±eyro
275,izu ojukwu
276,peter winther
277,susan lacy
278,billy corben
279,james mangold
280,adekunle nodash adejuyigbe
281,chineze anyaene
282,hsu fu-chun
283,kristine stolakis
284,eva mã¼ller
285,michael schmitt
286,brian levant
287,rod daniel
288,robert zemeckis
289,todor chapkanov
290,phil lord
291,christopher miller
292,john hughes
293,joe roth
294,mark helfrich
295,mag hsu
296,hsu chih-yen
297,christopher nolan
298,paul thomas anderson
299,nick castle
300,howard zieff
301,david feiss
302,david gordon green
303,jorge blanco
304,zara hayes
305,gary ross
306,clint eastwood
307,trey parker
308,raãºl campos
309,jan suter
310,kelly fremon craig
311,tom elkins
312,tony scott
313,brad furman
314,sylvain white
315,irwin winkler
316,garry marshall
317,kenneth gyang
318,jaume balaguerã³
319,najwa najjar
320,selã§uk metin
321,sadeq behbehani
322,keishi otomo
323,david charhon
324,michelle bello
325,steven tsuchida
326,daniel markowicz
327,louie schwartzberg
328,glen winter
329,ram gopal varma
330,david benullo
331,laxman utekar
332,royale watkins
333,rich schlansker
334,yuval adler
335,quentin tarantino
336,clay glen
337,mary mazzio
338,muzi mthembu
339,marcos bucay
340,peter thorwarth
341,kim seong-hun
342,augustine frizzell
343,sidheswar shukla
344,rajiv chilaka
345,binayak das
346,arpan sarkar
347,shyamal chaulia
348,owll mina
349,ainsley gardiner
350,briar grace-smith
351,mahmoud karim
352,kyohei ishiguro
353,seyi babatope
354,johane matte
355,andrew l. schmidt
356,francisco ruiz velasco
357,morgan ingari
358,abdulaziz alshlahei
359,edward drake
360,kathryn fasegha
361,sita likitvanichkul
362,jetarin ratanaserikiat
363,apirak samudkitpaisan
364,leigh janiak
365,luis estrada
366,garrett bradley
367,sofia coppola
368,colin trevorrow
369,bill condon
370,david slade
371,chris weitz
372,catherine hardwicke
373,hadrah daeng ratu
374,tommy chong
375,fred ouro preto
376,mayye zayed
377,alessandra de rossi
378,dylan mohan gray
379,ash brannon
380,chris buck
381,alaa eddine aljem
382,tom donahue
383,roberto de feo
384,paolo strippoli
385,laura vanzee taylor
386,navot papushado
387,manuel alcalã¡
388,ricardo trogi
389,semi chellas
390,akay mason
391,abosi ogba
392,viridiana lieberman
393,nima nourizadeh
394,daniel rå¯å¾iäka
395,juraj å¡ajmoviä
396,femi d. ogunsanwo
397,douglas attal
398,llewellyn m. smith
399,kim joo-hyung
400,avi federgreen
401,jericca cleland
402,kevin munroe
403,ahmed siddiqui
404,hallie meyers-shyer
405,scott speer
406,barry levinson
407,tolulope itegboje
408,camille delamarre
409,pascal atuma
410,oleg trofim
411,sebastian dinatale
412,mahmood ali-balogun
413,jan holoubek
414,anurin nwunembom
415,musing derrick
416,christine luby
417,udoka oyeka
418,yeo siew hua
419,hardik mehta
420,rajveer singh maan
421,harpeet singh
422,youssef chahine
423,saw teong hin
424,nik amir mustapha
425,m.s. prem nath
426,rano karno
427,pramod pawar
428,naresh saigal
429,vinil mathew
430,neri parenti
431,rocky soraya
432,ramsey nouah
433,bong joon ho
434,kim tae-hyung
435,michael spierig
436,peter spierig
437,ernie barbarash
438,matt ogens
439,jay roach
440,mcg
441,frank marshall
442,victor vu
443,shannon hartman
444,chow hin yeung roy
445,joel hopkins
446,john stevenson
447,mark osborne
448,jennifer yuh nelson
449,greg berlanti
450,garth davis
451,malik nejer
452,rob marshall
453,martin brest
454,shuko murase
455,paul w.s. anderson
456,ivan reitman
457,joel gallen
458,claire mccarthy
459,mary lambert
460,sidharta tata
461,aco tenriyagelli
462,dian sastrowardoyo
463,trevor nunn
464,gabriele muccino
465,jim field smith
466,chris koch
467,j.j. abrams
468,rob minkoff
469,lynn shelton
470,adam mckay
471,anton corbijn
472,robin bissell
473,david fincher
474,john g. avildsen
475,marcus raboy
476,alan parker
477,walter hill
478,stephen frears
479,bryan bertino
480,phil alden robinson
481,florian henckel von donnersmarck
482,len wiseman
483,mã¥ns mã¥rlind
484,bjã¶rn stein
485,patrick tatopoulos
486,robert o. peters
487,vincent ward
488,gregory nava
489,mary harron
490,matt thompson
491,jameel buari
492,shen leping
493,matt aselton
494,jose javier reyes
495,jakub piä…tek
496,john dower
497,b. t thomas
498,andrew dominik
499,nibal arakji
500,sofie å¡ustkovã¡
501,anissa bonnefont
502,bahij hojeij
503,jonathan hensleigh
504,srijit mukherji
505,vasan bala
506,limbert fabian
507,brandon oldenburg
508,justin p. lange
509,kimmy gatewood
510,tã nia ballã³
511,manolo caro
512,jayme monjardim
513,kingsley ogoro
514,cristina jacob
515,fernando moro
516,ivan andrew payawal
517,yoshiyuki tomino
518,yoshikazu yasuhiko
519,rob seidenglanz
520,simon frederick
521,michihito fujii
522,paul weitz
523,karthik subbaraj
524,lucky kuswandi
525,soudade kaadan
526,antoinette jadaone
527,marie clements
528,david o. russell
529,achille brice
530,max jabs
531,sarawut wichiensarn
532,ricardo de montreuil
533,david hackl
534,peter chelsom
535,michael lockshin
536,francine parker
537,daniel schechter
538,mike gunther
539,david zeiger
540,michael simon
541,jerry rothwell
542,joe berlinger
543,bruce sinofsky
544,sharon shattuck
545,bradley parker
546,prabhakaran
547,mostofa sarwar farooki
548,manjari makijany
549,jay oliva
550,chris appelhans
551,michael tiddes
552,lara saba
553,bao nhan
554,namcito
555,mark raso
556,tariq alkazim
557,brody chu
558,yulene olaizola
559,matthew heineman
560,robert peters
561,jonathan clay
562,ally pankiw
563,george ford
564,lee kae-byeok
565,jayan moodley
566,daniel benmayor
567,alex dã­az
568,helena bergstrã¶m
569,alejandro de grazia
570,juan stadler
571,myriam fares
572,chiaki kon
573,rae red
574,lance hool
575,nicole conn
576,les mayfield
577,ellen seidler
578,megan siler
579,roger christian
580,peter galison
581,lance young
582,leandro neri
583,thom fitzgerald
584,don michael paul
585,andrzej bartkowiak
586,harold becker
587,andrew jenks
588,ric roman waugh
589,rob reiner
590,andy tennant
591,tade ogidan
592,scott spiegel
593,jessie nelson
594,theodore witcher
595,aurora guerrero
596,michael jai white
597,james mcteigue
598,takuya igarashi
599,michelle maclaren
600,hidenori inoue
601,todd phillips
602,steve ball
603,dominic sena
604,alan alda
605,mika kaurismã¤ki
606,sydney pollack
607,okey oku
608,lorene scafaria
609,barbra streisand
610,michael winterbottom
611,emma tammi
612,peter hutchings
613,george ratliff
614,bo burnham
615,ekene som mekwunye
616,david frankel
617,kevin johnson
618,josã© larraza
619,marc pons
620,gary sing
621,julio quintana
622,paween purijitpanya
623,pablo faro
624,letizia lamartire
625,ray jiang
626,daniel vernon
627,steve gukas
628,tim johnson
629,vishwesh krishnamoorthy
630,zack snyder
631,uduak-obong patrick
632,mohamed diab
633,amr salama
634,christopher amos
635,robert rodriguez
636,david ayer
637,eshom nelms
638,ian nelms
639,james moll
640,james redford
641,steve rolston
642,kaashvie nair
643,j.d. dillard
644,nikhil pherwani
645,mae czarina cruz
646,praveen kandregula
647,cecilia verheyden
648,daniel minahan
649,donovan marsh
650,brent dawes
651,leli maki
652,uzodinma okpechi
653,daniel prochaska
654,joe wright
655,matthew vaughn
656,aditya kripalani
657,adriano rudiman
658,david pablos
659,alexandre aja
660,cai cong
661,samuel olatunji
662,ramon tã©rmens
663,svetlana cvetko
664,martin prakkat
665,baran bo odar
666,zhang chong
667,yä±lmaz erdoäÿan
668,shantrelle p. lewis
669,ivan ayr
670,anthony mandler
671,vijay roche
672,stanley menino d'costa
673,jennifer brea
674,julia von heinz
675,niels arden oplev
676,don argott
677,sheena m. joyce
678,joshua zeman
679,duncan skiles
680,sean mcnamara
681,vondie curtis-hall
682,robert radler
683,roel reinã©
684,dean parisot
685,paul greengrass
686,justin kelly
687,eric darnell
688,tom mcgrath
689,conrad vernon
690,suhas kadav
691,jeff wadlow
692,charles martin
693,stella corradi
694,roland emmerich
695,kevin macdonald
696,ann deborah fishman
697,chris gorak
698,peter jackson
699,roger kumble
700,jonathan lynn
701,courtney hunt
702,pierre greco
703,nancy florence savard
704,andrew davis
705,kevin smith
706,chaitanya tamhane
707,oriol paulo
708,mike rianda
709,jeff rowe
710,johannes roberts
711,robert pulcini
712,shari springer berman
713,pedro antonio
714,john wells
715,jonathan liebesman
716,maria pulera
717,santhosh viswanath
718,seema pahwa
719,ozan aã§ä±ktan
720,meltem bozoflu
721,hakan algã¼l
722,selã§uk aydemir
723,birkan pusa
724,ã¶mer faruk sorak
725,åÿenol sã¶nmez
726,alexis morante
727,burak aksak
728,rindala kodeih
729,kongkiat khomsiri
730,bedran gã¼zel
731,marwan nabil
732,mikiko
733,daito manabe
734,takashi shimizu
735,joe penna
736,ahishor solomon
737,curtis graham
738,gerardo gatica
739,akshay sanjeev chavan
740,sumit das
741,john madden
742,edward james olmos
743,abhinay deo
744,kiran rao
745,abbas tyrewala
746,shalini kantayya
747,ashutosh gowariker
748,satyajit bhatkal
749,anusha rizvi
750,mahmood farooqui
751,aamir khan
752,shashank khaitan
753,raj mehta
754,neeraj ghaywan
755,ryan crego
756,cassi simonds
757,guillermo del toro
758,tony abulu
759,stefan westerwelle
760,ron howard
761,justin benson
762,aaron moorhead
763,niki caro
764,mark dennis
765,ben foster
766,taranveer singh
767,tt the artist
768,keiichi sato
769,yasushi kawamura
770,glenn weiss
771,michael civille
772,ryuichi hiroki
773,one9
774,madonne ashwin
775,luis valdez
776,cheng wei-hao
777,pass patthanakumjon
778,buchi babu sana
779,fredrick munk
780,moyoung jin
781,caroline sã¡
782,deepti kakkar
783,zhao ji
784,jamie babbit
785,park hoon-jung
786,dare olaitan
787,ben falcone
788,travon free
789,martin desmond roe
790,angga dwimas sasongko
791,enah johnscott
792,braden r. duemmler
793,cal brunker
794,steve pink
795,xiao feng
796,ricky staub
797,patrick durham
798,paul g. volk
799,bb sasore
800,naseef yusuf izuddin
801,appie boudellah
802,aram van de rest
803,frank capra
804,anatole litvak
805,sylvie verheyde
806,nick moore
807,alex zamm
808,rajkumar hirani
809,rajesh mapuskar
810,takeshi nozue
811,subhash kapoor
812,ringo lam
813,george cukor
814,tony giglio
815,shinji aramaki
816,masaru matsumoto
817,john luessenhop
818,hanung bramantyo
819,pandu adjisurya
820,bashir el deek
821,roman polaå„ski
822,nelson mccormick
823,mic rodgers
824,shawn rech
825,peyton reed
826,julian schnabel
827,adriã¡n garcã­a bogliano
828,jose gomez
829,blair simmons
830,justin chadwick
831,john hillcoat
832,nadine ibrahim
833,roman white
834,fermã­n muguruza
835,mike hodges
836,eylem kaftan
837,fernando ayllã³n
838,umesh bist
839,massimiliano camaiti
840,aleksey tsitsilin
841,ali tabrizi
842,kagiso lediga
843,jung-ah im
844,takuma sato
845,dimitri logothetis
846,taketoshi sado
847,li weiran
848,chinaza onuzo
849,anna elizabeth james
850,vitor brandt
851,liam o'donnell
852,manny rodriguez
853,jay lavender
854,farah nabulsi
855,walter taylaur
856,chris smith
857,alain brunard
858,tate taylor
859,ladislaus kiraly
860,oliver stone
861,hemambar jasti
862,taylor morden
863,helena coan
864,muharrem gã¼lmez
865,dolapo adeleke
866,mahsun kä±rmä±zä±gã¼l
867,can ulkay
868,luis alejandro pã©rez
869,ketche
870,erol ã¶zlevi
871,miguel arteta
872,tolga ã¶rnek
873,pablo agã¼ero
874,mohammad irfan ramly
875,kevin mcmanus
876,matthew mcmanus
877,ange basterga
878,nicolas lopez
879,gitanjali rao
880,halitha shameem
881,carlos moreno
882,maribel sã¡nchez-maroto
883,fajar bustomi
884,taylor hackford
885,amy poehler
886,jared hess
887,tyler measom
888,mike binder
889,abir sengupta
890,sunny lau
891,emmett malloy
892,xavier maingon
893,marc-antoine hã©lard
894,milton kremer
895,kevin costner
896,marco petry
897,andrew duncan
898,ken cunningham
899,liam lynch
900,jã©rã©mie degruson
901,ben stassen
902,matt ross
903,dani de la orden
904,pablo larraã­n
905,john erick dowdle
906,jesse peretz
907,ribhu dasgupta
908,rizki balki
909,shunsuke kariyama
910,jeferson de
911,barry avrich
912,david tryhorn
913,ben nicholas
914,tirumala kishore
915,huang hsin-yao
916,saron sakina
917,j blakeson
918,khalid rahman
919,luis ara
920,tharun bhascker dhaassyam
921,b. v. nandini reddy
922,nag ashwin
923,prateek vats
924,vikram bhatt
925,dallas jenkins
926,damiã¡n romay
927,hamisha daryani ahuja
928,hong khaou
929,mario briongos
930,vinay bharadwaj
931,michael fimognari
932,eric d. cabello dã­az
933,clara martã­nez-lã¡zaro
934,monty tiwa
935,ava duvernay
936,alain darborg
937,filip zylber
938,julien royal
939,brian baugh
940,henri wong
941,joseph hsu
942,sam levinson
943,jo sung-hee
944,michã¨le ohayon
945,rocco ricciardulli
946,guo jingming
947,jan belcl
948,esteban crespo
949,noã© gonzã¡lez
950,sarah gavron
951,martin scorsese
952,richard arellano
953,jon favreau
954,marco pontecorvo
955,gregory plotkin
956,lluã­s quã­lez
957,jude weng
958,simon stone
959,noviandra santosa
960,jeremy grant
961,jeo baby
962,glendyn ivin
963,ifeanyi ikpoenyi
964,chris eneng enaji
965,ã¡ngeles reinã©
966,paul haggis
967,ramin bahrani
968,nicol paone
969,nick rowland
970,rza
971,cooper karl
972,gary fleder
973,j.a. bayona
974,lydia dean pilcher
975,ginny mohler
976,cris d'amato
977,mikael hã¥fstrã¶m
978,simon j. smith
979,byeon hee-sun
980,peter facinelli
981,renuka shahane
982,ross kauffman
983,sung do-jun
984,charles gozali
985,bagus bramanti
986,james toback
987,tiller russell
988,francisco d'eufemia
989,olivier nakache
990,ã©ric toledano
991,prakash jha
992,rohan sippy
993,ross venokur
994,rohena gera
995,maite ruiz de austri
996,jastis arimba
997,eric summer
998,ã©ric warin
999,kornã©l mundruczã³
1000,alejandro ruax
1001,ramiro martã­nez
1002,florent bodin
1003,sohail khan
1004,hallvard brã¦in
1005,jeff tremaine
1006,christian alvart
1007,robert townsend
1008,jeff deverett
1009,ron krauss
1010,brian robbins
1011,jeff stilson
1012,sean penn
1013,mark mcqueen
1014,melanie mayron
1015,donald petrie
1016,tony collingwood
1017,jennifer beamish
1018,toby trackman
1019,jaume collet-serra
1020,kim dong-kyu
1021,shaz bennett
1022,tyler spindel
1023,samar shaikh
1024,archie hekagery
1025,sabrina rochelle kalangie
1026,cosima spender
1027,liao shih-han
1028,arnon manor
1029,timothy ware-hill
1030,gore verbinski
1031,al campbell
1032,alice mathias
1033,hussein el ansary
1034,maã¯wenn
1035,richard weston
1036,vikramaditya motwane
1037,prime cruz
1038,john putch
1039,andibachtiar yusuf
1040,yandy laurens
1041,john mitchell
1042,jeremy kipp walker
1043,george clooney
1044,liu kuang-hui
1045,daan jansen
1046,stijn verlinde
1047,jay grace
1048,paul dugdale
1049,james haslam
1050,muhammad ali
1051,sam macaroni
1052,george c. wolfe
1053,yasmin ahmad
1054,sudha kongara
1055,vignesh shivan
1056,gautham vasudev menon
1057,juan camilo pinzon
1058,lin oeding
1059,naya anindita
1060,alexx media
1061,farishad i. latjuba
1062,jun lana
1063,brad peyton
1064,lee daniels
1065,tom ford
1066,ellena wood
1067,jesse vile
1068,vir das
1069,miranda de pencier
1070,farhad safinia
1071,shaun paul piccinino
1072,eddie rosas
1073,frank e. abney iii
1074,james d. stern
1075,fernando villena
1076,ryan murphy
1077,girish malik
1078,deepa mehta
1079,lai chun-yu
1080,theodore boborol
1081,sydney sibilia
1082,josiah ng
1083,kirk wise
1084,beth sleven
1085,allan jacobsen
1086,kevin wotton
1087,jalil lespert
1088,su i-hsuan
1089,chuang shiang-an
1090,liu yi
1091,clint butler
1092,erik kling
1093,kevin peaty
1094,detlev buck
1095,amanda raymond
1096,jason paul laxamana
1097,marc fouchard
1098,darragh o'connell
1099,roberto santucci
1100,dado c. lumibao
1101,august jakobsson
1102,anna wieczur-bluszcz
1103,alex parkinson
1104,richard da costa
1105,damien oâ€™connor
1106,richard laxton
1107,gil kenan
1108,phil burgers
1109,pierre morel
1110,brian henson
1111,derick cabrido
1112,marla m. ancheta
1113,jen mcgowan
1114,bernie denk
1115,brian skiba
1116,oliver bokelberg
1117,ã¡ngel gã³mez hernã¡ndez
1118,ludovico di martino
1119,lee chung-hyun
1120,barry gonzalez
1121,brian volk-weiss
1122,matthew michael carnahan
1123,eric bress
1124,chris columbus
1125,v vignarajan
1126,greg rankin
1127,tj sullivan
1128,carlos sorã­n
1129,matt eskandari
1130,grant singer
1131,mohammad adel
1132,debbie allen
1133,victor gatonye
1134,stephen chiodo
1135,will mccormack
1136,michael govier
1137,monica floyd
1138,anurag kashyap
1139,siddique
1140,danish aslam
1141,vibhu virender puri
1142,mike rohl
1143,shyam benegal
1144,takeshi fukunaga
1145,leslie small
1146,jeff nichols
1147,sabaah folayan
1148,damon davis
1149,justin g. dyck
1150,cody cameron
1151,kris pearn
1152,michael curtiz
1153,fab five freddie
1154,avinash walzade
1155,david e. talbert
1156,renata terra
1157,edoardo ponti
1158,mateo gil
1159,paul soriano
1160,ryan coogler
1161,lucas santa ana
1162,carla barros
1163,wael ihsan
1164,ulrike kofler
1165,steven bognar
1166,julia reichert
1167,kunle afolayan
1168,weica wang
1169,aitor arregi
1170,jon garaã±o
1171,jose mari goenaga
1172,kevin pollak
1173,otoja abit
1174,alejandro hartmann
1175,maxwell mcguire
1176,ruel s. bayani
1177,martin wood
1178,narendra nath
1179,jan-peter horns
1180,tatsushi omori
1181,estela renner
1182,zeek earl
1183,christopher caldwell
1184,michael kampa
1185,chanda bell
1186,jennifer westcott
1187,richard greenberg
1188,peter berg
1189,nicolas pesce
1190,christopher cain
1191,juliana vicente
1192,harald zwart
1193,stacia crawford
1194,remi weekes
1195,tope oshin
1196,olivier marchal
1197,santiago alvarado ilarri
1198,frasco mortiz
1199,john whitesell
1200,antonio dã­az
1201,nimrã³d antal
1202,bartosz m. kowalski
1203,james tovell
1204,matã­as gueilburt
1205,natasha lyonne
1206,chang chin-jung
1207,chen rong-hui
1208,rajkumar santoshi
1209,lance daly
1210,unjoo moon
1211,gil baroni
1212,thierry demaiziã¨re
1213,alban teurlai
1214,glen keane
1215,chris sivertson
1216,kief davidson
1217,pedro kos
1218,jarand herdal
1219,dan villegas
1220,chris foggin
1221,kim nguyen
1222,karen maine
1223,tim neeves
1224,ben wheatley
1225,maroun baghdadi
1226,philippe aractingi
1227,amin dora
1228,rana eid
1229,daniel joseph
1230,randa chahal sabbag
1231,ziad doueiri
1232,shady hanna
1233,josef fares
1234,sam fell
1235,chris butler
1236,ross boyask
1237,david 'tosh' gitonga
1238,michael jones
1239,ti west
1240,aaron sorkin
1241,levan gabriadze
1242,rachel talalay
1243,sam liu
1244,peter mimi
1245,lasja fauzia susatyo
1246,pavitra chalam
1247,akshay shankar
1248,kevin ko
1249,peter tsi
1250,caroline suh
1251,carlos pã©rez osorio
1252,ken ghosh
1253,indra kumar
1254,b. subhash
1255,harshavardhan kulkarni
1256,neeraj vora
1257,radha blank
1258,bigflo & oli
1259,jã©rã©mie levypon
1260,eduardo pinto
1261,pavel kostomarov
1262,mike elliott
1263,francis whately
1264,jon izen
1265,christopher nolen
1266,alastair fothergill
1267,jonnie hughes
1268,keith scholey
1269,amy segal
1270,umut aral
1271,umut kirca
1272,sudhir mishra
1273,domenico de feudis
1274,kyle newacheck
1275,oz rodriguez
1276,salvador espinosa
1277,adrian teh
1278,brad silberling
1279,elsa flores almaraz
1280,richard j montoya
1281,sandra restrepo
1282,carey mckenzie
1283,taika waititi
1284,lindsey cordero
1285,armando croda
1286,david lachapelle
1287,mostafa abu seif
1288,faris godus
1289,rod lurie
1290,stacie passon
1291,jenny popplewell
1292,florian schott
1293,tom whitworth
1294,joe mantello
1295,lee hirsch
1296,page hurwitz
1297,dallas jackson
1298,rajat kapoor
1299,imtiaz ali
1300,navdeep singh
1301,anees bazmee
1302,rikhil bahadur
1303,shawn levy
1304,harry bradbeer
1305,joshua tickell
1306,rebecca harrell tickell
1307,sophia nahli allison
1308,norihisa hiranuma
1309,shigeaki kubo
1310,tsuyoshi nakakuki
1311,yudai yamaguchi
1312,marwan hamed
1313,smeep kang
1314,raja chanda
1315,tigmanshu dhulia
1316,akashdeep
1317,rajesh ganguly
1318,alankrita shrivastava
1319,chandra liow
1320,sekhar kammula
1321,gary andrews
1322,merawi gerima
1323,kubhaer t. jethwani
1324,antonio campos
1325,carles torras
1326,james watkins
1327,philippa lowthorpe
1328,peter sollett
1329,steve bencich
1330,tosin coker
1331,javier colinas
1332,dean deblois
1333,reinhard klooss
1334,shaun mir
1335,satish rajwade
1336,abhijeet deshpande
1337,mahesh manjrekar
1338,kenny ortega
1339,makarand mane
1340,vijay maurya
1341,sameer patil
1342,kenzo maihara
1343,amandha wyanto
1344,ahmed nader galal
1345,arati kadav
1346,maã¯mouna doucourã©
1347,pepe mora
1348,marcos carnevale
1349,cho il
1350,pippa ehrlich
1351,james reed
1352,tolga karaã§elik
1353,philip barantini
1354,charlie kaufman
1355,abba t. makama
1356,junior carelli
1357,rudge campos
1358,ertanto robby soediskam
1359,mark steven johnson
1360,felix binder
1361,thor freudenthal
1362,nguyen thanh tung
1363,baltasar kormã¡kur
1364,conrad helten
1365,ayumu watanabe
1366,hitoshi namba
1367,chris miller
1368,sean anders
1369,abbas mustan
1370,duncan mcmath
1371,dan forgione
1372,pete jacobs
1373,matt whitlock
1374,francesco carnesecchi
1375,greg tiernan
1376,mark thornton
1377,todd kauffman
1378,shamzu zayba
1379,jesse v. johnson
1380,brett haley
1381,chris roland
1382,maradona dias dos santos
1383,david galã¡n galindo
1384,david moreton
1385,lester hsi
1386,cyrus nowrasteh
1387,isabel sandoval
1388,nathan wiley
1389,wayne blair
1390,atul sabharwal
1391,bernardo arellano
1392,trish sie
1393,hong won-ki
1394,khaled marei
1395,fred wolf
1396,niyi akinmolayan
1397,sammaria sari simanjuntak
1398,chairun nissa
1399,tom hooper
1400,sergei bodrov
1401,anna stone
1402,cory edwards
1403,faraday okoro
1404,daniel mccabe
1405,henry joost
1406,ariel schulman
1407,rebecca zlotowski
1408,sharan sharma
1409,vicky wight
1410,marc meyers
1411,franziska meyer price
1412,steven rinella
1413,laura terruso
1414,martã­n sastre
1415,franck nataf
1416,pascal amanfo
1417,savage steve holland
1418,joseph ruben
1419,colin minihan
1420,regina welker
1421,nina wels
1422,honey trehan
1423,katleho ramaphakela
1424,rethabile ramaphakela
1425,ariel boles
1426,ã¡lvaro delgado-aparicio l.
1427,venkatesh maha
1428,nopparoj chotmunkongsit
1429,aniedi anwah
1430,mickey fonseca
1431,matias mariani
1432,jan komasa
1433,paul solet
1434,ben kasulke
1435,gagan puri
1436,teddy chan
1437,bhavin wadia
1438,tony bancroft
1439,scott christian sava
1440,tope alake
1441,gina prince-bythewood
1442,fernando gonzã¡lez molina
1443,yuki tanada
1444,alex gibney
1445,ahn byoung-wook
1446,sibusiso khuzwayo
1447,lisa cortã©s
1448,farah x
1449,wilson yip
1450,dave skinner
1451,freddie waters
1452,denis do
1453,leslye davis
1454,catrin einhorn
1455,toka mcbaror
1456,tunde apalowo
1457,peter sullivan
1458,axelle laffont
1459,daniel oriahi
1460,stefano mordini
1461,hayden guppy
1462,stã©phane de freitas
1463,andrã© odendaal
1464,johan vorster
1465,cassia dian
1466,amro salah
1467,sue ding
1468,wouter bouvijn
1469,bryn evans
1470,cristina costantini
1471,kareem tabsch
1472,hannah fidell
1473,chris renaud
1474,kyle balda
1475,scott zabielski
1476,coodie
1477,chike
1478,qlf
1479,sachin kundalkar
1480,puri jagannadh
1481,vishal mahadkar
1482,karan johar
1483,anthony d'souza
1484,soumendra padhi
1485,fuwad khan
1486,nishikant kamat
1487,krish
1488,kabir sadanand
1489,rachit kusonkoonsiri
1490,shoojit sircar
1491,omung kumar
1492,umesh shukla
1493,devika bhagat
1494,takashi doscher
1495,shubham singh
1496,abbas alibhai burmawalla
1497,mastan alibhai burmawalla
1498,luv ranjan
1499,vikas bahl
1500,neeraj pandey
1501,aanand rai
1502,gurmmeet singh
1503,lp
1504,rako prijanto
1505,shirley frimpong-manso
1506,fabio ock
1507,joana mazzucchelli
1508,sabina fedeli
1509,anna migotto
1510,kyran kelly
1511,salvador calvo
1512,cem yä±lmaz
1513,bruce beresford
1514,michael duggan
1515,almudena carracedo
1516,robert bahar
1517,paul verhoeven
1518,younuts!
1519,obi emelonye
1520,daniel effiong
1521,abhijit panse
1522,rachel griffiths
1523,david dobkin
1524,oluseyi asurf
1525,eduardo roy jr.
1526,ravikanth perepu
1527,sooraj r. barjatya
1528,bonni cohen
1529,jon shenk
1530,anvita dutt
1531,gaspar antillo
1532,eric notarnicola
1533,peter yost
1534,musthafa
1535,ishaya bako
1536,kate mulleavy
1537,laura mulleavy
1538,akhigbe ilozobhie
1539,apurva dhar badgaiyann
1540,elissa down
1541,guillaume pierret
1542,olivier assayas
1543,junichi sato
1544,tomotaka shibayama
1545,pablo aulita
1546,georges hachem
1547,peter lepeniotis
1548,jim hosking
1549,paco aguilar
1550,greg mclean
1551,juan josã© campanella
1552,a. raajdheep
1553,pidi baiq
1554,nicholas kharkongor
1555,michael mckay
1556,kitaro kosaka
1557,ali f. mostafa
1558,ayman makram
1559,george gallo
1560,ry russo-young
1561,barbara biaå‚owä…s
1562,tomasz mandes
1563,akhil paul
1564,anas khan
1565,kanika batra
1566,michael cristofer
1567,mohamed khan
1568,adriana trigiani
1569,phil sgriccia
1570,andaã§ haznedaroäÿlu
1571,murat kepez
1572,greta gerwig
1573,sam rega
1574,wael ehsan
1575,inas el-degheidy
1576,ahmed al-badry
1577,sameh abdulaziz
1578,izidore k. musallam
1579,sherif arafa
1580,yasir al yasiri
1581,safdar rahman
1582,tomas brickhill
1583,hani al-shaibani
1584,mamoru hosoda
1585,james franco
1586,niall johnson
1587,michael damian
1588,ahmed zain
1589,angshuman ghosh
1590,ahmed zein
1591,alejandro montiel
1592,fernando frã­as de la parra
1593,madeleine parry
1594,yu yang
1595,jesse warn
1596,josh safdie
1597,benny safdie
1598,hiromasa yonebayashi
1599,yoshiyuki momose
1600,akihiko yamashita
1601,norm hiscock
1602,gary howsam
1603,mike smith
1604,almunsif alsuwaisi
1605,fouad al shatti
1606,fouad el-mohandes
1607,andrã©s feddersen
1608,samir al asfory
1609,hussein kamal
1610,hassan abdulsalam
1611,houssam el-din mustafa
1612,muhammad fadl
1613,hany motawie
1614,lonzo nzekwe
1615,alex timbers
1616,sam wrench
1617,rebecca johnson
1618,carlos morett
1619,megha ramaswamy
1620,saeed hamed
1621,ali ragab
1622,ahmad el-badri
1623,haifaa al-mansour
1624,tom stubberfield
1625,mohammed alhmly
1626,lucien bourjeily
1627,laura maã±ã¡
1628,sivaroj kongsakul
1629,salmeen almurry amer
1630,noel dockstader
1631,quinn kanaly
1632,mohit suri
1633,obaid alhmoudi
1634,claire scanlon
1635,vipul amrutlal shah
1636,donick cary
1637,will forbes
1638,francesco amato
1639,damien chazelle
1640,houda benyamina
1641,laã¯la marrakchi
1642,s.a. zaidi
1643,hamad alsarraf
1644,he xiaofeng
1645,nadia hallgren
1646,pedro flores maldonado
1647,joe demaio
1648,aaron woodley
1649,lucas margutti
1650,ashok nanda
1651,hernã¡n guerschuny
1652,alex ranarivelo
1653,seth barrish
1654,brett hedlund
1655,joe robert cole
1656,michelle esrick
1657,olivier abbou
1658,jeffrey schwarz
1659,craig freimond
1660,shirish kunder
1661,mysskin
1662,alice wu
1663,joey so
1664,dennie gordon
1665,gail willumsen
1666,sion sono
1667,david chuang
1668,chen kuan-chung
1669,chris bolan
1670,omoni oboli
1671,saravana rajan
1672,sä±rrä± sã¼reyya ã¶nder
1673,sermiyan midyat
1674,ahmed yousry
1675,hazem fouda
1676,handan iì‡pekã§i
1677,ferzan ã¶zpetek
1678,ashraf fayeq
1679,paul munger
1680,matei dima
1681,jonathan augustin
1682,venky kudumula
1683,amr arafa
1684,michel hazanavicius
1685,ahmed medhat
1686,mohamed yassin
1687,chakri toleti
1688,neville shah
1689,upi avianto
1690,yoon sung-hyun
1691,rachel mason
1692,patryk vega
1693,marc vigil
1694,ryan polito
1695,anoop sathyan
1696,mã¼fit can saã§ä±ntä±
1697,cã¼neyt kaya
1698,greg barker
1699,leticia jorge romero
1700,adrien lagier
1701,ousmane ly
1702,ethan coen
1703,joel coen
1704,jon m. chu
1705,ian edelman
1706,ali yorgancä±oäÿlu
1707,digo ricio
1708,emcy joseph
1709,kranthi madhav
1710,matt d'elia
1711,jeff chan
1712,dean craig
1713,grand corps malade
1714,mehdi idir
1715,stefano lodovichi
1716,alan yang
1717,perci intalan
1718,m. night shyamalan
1719,chris robinson
1720,eddie mensore
1721,sean baker
1722,padraig reynolds
1723,yorgos lanthimos
1724,michael dowse
1725,pablo lejarreta
1726,armando iannucci
1727,akira saitoh
1728,haruka fujita
1729,mukul anand
1730,karan malhotra
1731,david batra
1732,jon rudberg
1733,tarun mansukhani
1734,ramesh talwar
1735,mahesh bhatt
1736,raj khosla
1737,punit malhotra
1738,soham shah
1739,nikkhil advani
1740,shakun batra
1741,anirban majumder
1742,alka amarkant dubey
1743,prakash mehra
1744,anand ravichandran
1745,richard claus
1746,karsten kiilerich
1747,floria sigismondi
1748,renzil d'silva
1749,fritz bã¶hm
1750,david hunt
1751,stephen s. campanelli
1752,rakesh ranjan kumar
1753,sam irvin
1754,gary stretch
1755,desingh periyasamy
1756,neeraj udhwani
1757,patrice lalibertã©
1758,ellen page
1759,ian daniel
1760,prentice penny
1761,zsolt pã¡lfi
1762,nawapol thamrongrattanarit
1763,marlene melchior
1764,aaron lieber
1765,tamas yvan topolanszky
1766,ã lex pastor
1767,david pastor
1768,rami hachache
1769,francisco macri
1770,gabriela garcã­a rivas
1771,eric goode
1772,rebecca chaiklin
1773,francesco lettieri
1774,john suits
1775,takeru nakajima
1776,yoshiyuki okada
1777,susan walter
1778,masaaki yuasa
1779,pierre deschamps
1780,jeff tomsic
1781,scot armstrong
1782,naman nitin mukesh
1783,lynn novick
1784,navjot gulati
1785,stephanie zwane
1786,owen trevor
1787,stephanie turner
1788,liz garbus
1789,mehmet ada ã¶ztekin
1790,jos humphrey
1791,sharmeen obaid-chinoy
1792,toyin abraham
1793,ruchi narain
1794,christophe charrier
1795,daniel calparsoro
1796,trivikram srinivas
1797,kittiphak thonguam
1798,cristi puiu
1799,sebastian jones
1800,ramez silyan
1801,gustavo ron
1802,carlos sedes
1803,adam b. stein
1804,zach lipovsky
1805,athiyan athirai
1806,zuko nodada
1807,madonna
1808,milton horowitz
1809,sneha taurani
1810,momoko kamiya
1811,matthew ross
1812,lee kirk
1813,ziggy hofmeyr
1814,yacine belhousse
1815,sam dunn
1816,kunihiko yuyama
1817,motonori sakakibara
1818,ali kalthami
1819,meshal aljaser
1820,tolu awobiyi
1821,oyefunke fayoyin
1822,jason orley
1823,robert eagar
1824,travis stevens
1825,mick grogan
1826,nora fingscheidt
1827,jeethu joseph
1828,dee rees
1829,sooni taraporevala
1830,linda korsten
1831,angelina jolie
1832,r.j. daniel hanna
1833,paco cabezas
1834,peter billingsley
1835,jason zada
1836,avgousta zourelidi
1837,richard phelan
1838,will becher
1839,rod cabatana marmol
1840,michaå‚ tylka
1841,oliver kienle
1842,brian webber
1843,takashi yamazaki
1844,ryuichi yagi
1845,makoto hanafusa
1846,pantham thongsang
1847,cheewatan pusitsuksa
1848,paul krã¼ger
1849,anã©l stolp
1850,andres clariond
1851,andrew dean
1852,lars klevberg
1853,lukasz kosmicki
1854,shanavas k. bavakutty
1855,kwabena gyansah
1856,jeff baena
1857,kumaran
1858,jared moshã©
1859,austin peck
1860,anneliese vandenberg
1861,james bamford
1862,julia willoughby nason
1863,jenner furst
1864,nate adams
1865,adam carolla
1866,ivan silvestrini
1867,robert krantz
1868,gregory jacobs
1869,alfonso cortã©s-cavanillas
1870,xavier manrique
1871,richard gabai
1872,alfons adetuyi
1873,thomas astruc
1874,erwin van den eshof
1875,g.j. echternkamp
1876,hikari
1877,jean-claude flamand-barny
1878,lana wilson
1879,david oelhoffen
1880,ramesh sippy
1881,ajay bhuyan
1882,josh z. weinstein
1883,joshua z. weinstein
1884,chung mong-hong
1885,johnny breedt
1886,cã©sar rodrigues
1887,quek shio-chuan
1888,pablo stoll
1889,juan pablo rebella
1890,krysia plonka
1891,madhumita
1892,debamitra biswal
1893,david lynch
1894,tyler perry
1895,caryn waechter
1896,tim hill
1897,numa perrier
1898,brian helgeland
1899,danny boyle
1900,rima das
1901,paco plaza
1902,andrew goth
1903,william kaufman
1904,david benioff
1905,d.b. weiss
1906,steve boettcher
1907,mikhil musale
1908,tom green
1909,david lowery
1910,maria ripoll
1911,yibrã¡n asuad
1912,edwin
1913,vadim jean
1914,mark a.z. dippã©
1915,kyung ho lee
1916,eondeok han
1917,john a. davis
1918,justin webster
1919,tetsuo yajima
1920,john lyde
1921,steve rash
1922,ravi babu
1923,soumitra ranade
1924,jon rosenbaum
1925,bruce leddy
1926,yuki yamato
1927,andrew wessels
1928,emir kusturica
1929,odunlade adekola
1930,elisa fuksas
1931,lee toland krieger
1932,akiyuki shinbo
1933,nobuyuki takeuchi
1934,ron oliver
1935,shojiro nishimi
1936,guillaume renard
1937,vijay lalwani
1938,pepe bojã³rquez
1939,rhys thomas
1940,david m. rosenthal
1941,louise alston
1942,sunkanmi adebayo
1943,falz
1944,frank rajah arase
1945,fernando meirelles
1946,rodrigo reyes
1947,mark lewis
1948,nuhash humayun
1949,syed ahmed shawki
1950,rahat rahman
1951,karan anshuman
1952,farhan akhtar
1953,zoya akhtar
1954,mrighdeep singh lamba
1955,tsutomu mizushima
1956,reema kagti
1957,jadesola osiberu
1958,matt askem
1959,abhishek kapoor
1960,michael bay
1961,biodun stephen
1962,ding-lin wang
1963,richard van't riet
1964,shonali bose
1965,lance bangs
1966,robbie countryman
1967,trey edward shults
1968,sujeeth
1969,alexandre avancini
1970,noah baumbach
1971,atsuko ishizuka
1972,eric aghimien
1973,michel tikhomiroff
1974,robert kenner
1975,taki oldham
1976,arjun jandyala
1977,john schultz
1978,linda mendoza
1979,michelle johnston
1980,vijay kumar arora
1981,matt shakman
1982,mikhail red
1983,pankaj batra
1984,serge ou
1985,navaniat singh
1986,gaurav bavdankar
1987,jagdeep sidhu
1988,tanawat aiemjinda
1989,mukesh vohra
1990,syrine boulanouar
1991,nekfeu
1992,tudor giurgiu
1993,ignacio jaunsolo
1994,abhishek sharma
1995,mati diop
1996,jã©rã©my clapin
1997,mandla dube
1998,mike ezuruonye
1999,cheta chukwu
2000,roger russell
2001,edward zwick
2002,basava shankar eeday
2003,elle-mã¡ijã¡ tailfeathers
2004,kathleen hepburn
2005,sanjiv jaiswal
2006,marta jaenes
2007,rosa mã¡rquez
2008,julien abraham
2009,monika mitchell
2010,eva orner
2011,kvr mahendra
2012,juan carlos rulfo
2013,raj r
2014,steve paley
2015,timo vuorensola
2016,robb dipple
2017,eli roth
2018,wash westmoreland
2019,alessandro angulo
2020,mauro scandolari
2021,shashanka ghosh
2022,samit basu
2023,naoko yamada
2024,sergio pablos
2025,valli bindana
2026,makoto shinkai
2027,gautier & leduc
2028,christopher storer
2029,josh aronson
2030,luke snellin
2031,xavier durringer
2032,pawan kumar
2033,phillip youmans
2034,zhang yimou
2035,neal brennan
2036,azazel jacobs
2037,jung ji-woo
2038,matt d'avella
2039,parthiban
2040,scott mcaboy
2041,raymie muzquiz
2042,stu livingston
2043,joe menendez
2044,eric bross
2045,will eisenberg
2046,marina seresesky
2047,kenny leon
2048,harvey lowry
2049,james dearden
2050,drea cooper
2051,zackary canepari
2052,michael a. nickles
2053,blayne weaver
2054,david michã´d
2055,marco bonfanti
2056,everardo gonzã¡lez
2057,rodrigo guardiola
2058,gabriel cruz rivas
2059,juani libonatti
2060,dj chen
2061,park joon-hwa
2062,saravana rajendran
2063,matt kay
2064,craig brewer
2065,billy lyons
2066,michael steed
2067,zak hilditch
2068,michael steiner
2069,andrew slater
2070,glen goei
2071,gavin yap
2072,huw cordey
2073,yuen woo-ping
2074,gillian robespierre
2075,thomas vinterberg
2076,ciarã¡n foy
2077,daniel sã¡nchez arã©valo
2078,don omope
2079,ed perkins
2080,steven soderbergh
2081,udai singh pawar
2082,guntur soeharjanto
2083,bassam tariq
2084,leslie iwerks
2085,louie psihoyos
2086,ahmet katä±ksä±z
2087,jean-franã§ois blais
2088,leã¯la sy
2089,kery james
2090,vince gilligan
2091,bolanle austen-peters
2092,dennis rovira van boekholt
2093,naoto amazutsumi
2094,jenny gage
2095,kaila york
2096,vandana kataria
2097,onur bilgetay
2098,vincenzo natali
2099,tugã§e soysop
2100,jacob joice
2101,luis javier henaine
2102,anand kamalakar
2103,lee yoon-jung
2104,roy poortmans
2105,vrinda samartha
2106,nicholaus goossen
2107,stig bergqvist
2108,paul demeyer
2109,igor kovalyov
2110,norton virgien
2111,danny cannon
2112,mana yasuda
2113,gupse ã¶zay
2114,jim mickle
2115,jumpei mizusaki
2116,koji morimoto
2117,michael arias
2118,mangesh hadawale
2119,wong kar wai
2120,otilia portillo padua
2121,michael j. bassett
2122,rahul ravindran
2123,archie borders
2124,deepti naval
2125,scott aukerman
2126,mariano barroso
2127,kiko cruz claverol
2128,patricia font
2129,sandeep reddy vanga
2130,randall lobb
2131,alex stapleton
2132,teng huatao
2133,nzingha stewart
2134,orlando von einsiedel
2135,anubhav sinha
2136,maha venkatesh
2137,tharun bhascker
2138,farhan alam
2139,a. l. vijay
2140,petra costa
2141,hayato date
2142,lea glob
2143,rã©my four
2144,julien war
2145,alejandro fernã¡ndez almendras
2146,jota linares
2147,wagner de assis
2148,white trash tyler
2149,stan lathan
2150,yeung yat-tak
2151,rai yuvraj bains
2152,sunil thakur
2153,muh chen
2154,fritz ofner
2155,saurabh sinha
2156,ashwin saravanan
2157,julia knowles
2158,barry sonnenfeld
2159,tarsem singh
2160,kepa sojo
2161,cho li
2162,chen hung-yi
2163,manu ashokan
2164,anita udeep
2165,alberto arnaut estrada
2166,paul dano
2167,robert moresco
2168,aadish keluskar
2169,joe murray
2170,cosmo segurson
2171,jesse moss
2172,shin won-ho
2173,sujoy ghosh
2174,john asher
2175,alex burunova
2176,jesãºs torres torres
2177,camille shooshani
2178,vijay kumar
2179,phanindra narsetti
2180,gideon raff
2181,jorge m. fontana
2182,olivier afonso
2183,nisheeta keni
2184,karim amer
2185,jehane noujaim
2186,demetri martin
2187,dante lam
2188,chi keung fung
2189,corey yuen
2190,patrick leung
2191,to-hoi kong
2192,frank ariza
2193,jerry seinfeld
2194,aditya sarpotdar
2195,daniel gray longino
2196,gerardo olivares
2197,wi ding ho
2198,joe lynch
2199,andreas pichler
2200,daniel arasanz
2201,spike jonze
2202,mark ritchie
2203,marcelo altmark
2204,mariano mucci
2205,luis a. scalella
2206,morgan matthews
2207,hernã¡n zin
2208,sittisiri mongkolsiri
2209,robbie grewal
2210,thiagarajan kumararaja
2211,kate horne
2212,roberto girault facha
2213,svati chakravarty bhatkal
2214,kevin bray
2215,jesse johnson
2216,miguel cohan
2217,luis alberto restrepo
2218,andrã©s beltrã¡n
2219,jaime rayo
2220,hideaki anno
2221,kazuya tsurumaki
2222,abhijit kokate
2223,srivinay salian
2224,antonin baudry
2225,jon watts
2226,jakob lass
2227,john haptas
2228,kristine samuelson
2229,sanjay jadhav
2230,vinod kapri
2231,elã­as leã³n
2232,federico veiroj
2233,isabel coixet
2234,grant sputore
2235,juan antin
2236,hanno olderdissen
2237,amar kaushik
2238,eva trobisch
2239,mathieu auvray
2240,datta mohan bhandare
2241,sanjib dey
2242,daniel yee heng chan
2243,rakeysh omprakash mehra
2244,han han
2245,jang jae-hyun
2246,sudabeh mortezai
2247,richard shepard
2248,mike diva
2249,akiva schaffer
2250,trisha ziff
2251,diego enrique osorno
2252,pedring a. lopez
2253,sam cullman
2254,francesco imperato
2255,stefon bristol
2256,kate melville
2257,aditya vikram sengupta
2258,mandie fletcher
2259,aijaz khan
2260,gonzalo lã³pez-gallego
2261,abby epstein
2262,hepi mita
2263,che sandoval
2264,jean-bernard marlin
2265,yee tung-shing
2266,yen cheng-kuo
2267,frant gwo
2268,hao wu
2269,felipe cano
2270,gabriela tagliavini
2271,lee jeong-beom
2272,william bindley
2273,manav shah
2274,michael epstein
2275,rachel lears
2276,syamsul yusof
2277,mangesh kanthale
2278,herman yau
2279,dar gai
2280,sathyan anthikad
2281,brian oakes
2282,bille august
2283,sarthak dasgupta
2284,jennifer kaytin robinson
2285,renato de maria
2286,alan rickman
2287,ulises valencia
2288,beyoncã© knowles-carter
2289,richard curtis
2290,suparn verma
2291,anant balani
2292,soukarya ghosal
2293,leena yadav
2294,amitabha singh
2295,hasan karacadaäÿ
2296,chris nelson
2297,lee kyoungmi
2298,yim pilsung
2299,jeon go-woon
2300,john r. leonetti
2301,jeremiah jones
2302,brie larson
2303,anggy umbara
2304,shelly chopra dhar
2305,shanjey kumar perumal
2306,tianyu zhao
2307,shazia ali khan
2308,erik white
2309,owen egerton
2310,sam blitz bazawule
2311,swapnaneel jayakar
2312,kyzza terrazas
2313,john lee hancock
2314,theo love
2315,awi suryadi
2316,raj babu
2317,javier ruiz caldera
2318,chanon yingyong
2319,phuwanit pholdee
2320,stuart sender
2321,wenn v. deramas
2322,joyce bernal
2323,nottapon boonprakob
2324,maryo j. de los reyes
2325,karan shivajirao chavan
2326,vikram tanajirao patil
2327,amy schumer
2328,richard loncraine
2329,pia sukanya
2330,yann gozlan
2331,lukas dhont
2332,matthew mcneil
2333,frank w chen
2334,olivia m. lamasan
2335,j.c. chandor
2336,brian klein
2337,ibrahim bin mohamed
2338,hasan aljaberi
2339,clark johnson
2340,emmanuel mouret
2341,conor allyn
2342,nuel naval
2343,keoni waxman
2344,isao yukisada
2345,a.r. murugadoss
2346,xavier gens
2347,jonathan a. rosenbaum
2348,franck phelizon
2349,peter howitt
2350,chiwetel ejiofor
2351,rodrigo salomã³n
2352,pietro scappini
2353,miguel ã¡ngel vivas
2354,carlos vermut
2355,sridhar rangayan
2356,michael blieden
2357,pawan k shrivastava
2358,mar targarona
2359,aruna raje
2360,alex lehmann
2361,elisabeth vogler
2362,parambrata chatterjee
2363,woo min-ho
2364,paul miller
2365,michael del monte
2366,suseenthiran
2367,matt tyrnauer
2368,prasanth varma
2369,gangadhar salimath
2370,daniel j. clark
2371,marcelo galvã£o
2372,shanawaz nellikunnil
2373,lars kaalund
2374,hari nath
2375,tanuja chandra
2376,jackie van beek
2377,madeleine sami
2378,sachin kamlakar khot
2379,daniel monzã³n
2380,rayka zehtabchi
2381,tom stern
2382,kelly duane de la vega
2383,julio medem
2384,johnny kevorkian
2385,amshan kumar
2386,adam davis
2387,jerry kolber
2388,trey nelson
2389,rick morales
2390,michael d. black
2391,dan gilroy
2392,mamat khalid
2393,amarjit virdi
2394,nishil sheth
2395,byun hyuk
2396,zoe berriatãºa
2397,adam bhala lough
2398,faozan rizal
2399,mansore
2400,kuntz agus
2401,meisa felaroze
2402,jerrold tarog
2403,laura alvea
2404,josã© ortuã±o
2405,hashim nadeem khan
2406,gastã³n duprat
2407,andy caballero
2408,diego corsini
2409,seren yã¼ce
2410,jonathan helpert
2411,andrã© d'elia
2412,sarjun
2413,feroz
2414,syed atif ali
2415,lee seung-won
2416,rik reinholdtsen
2417,gauravv k chawla
2418,bent-jorgen perlmutt
2419,hugo stuven
2420,greg pritikin
2421,kobun shizuno
2422,hiroyuki seshita
2423,kunal kohli
2424,noor imran mithu
2425,nonzee nimibutr
2426,ã­sold uggadã³ttir
2427,lorena munoz
2428,genevieve nnaji
2429,terry gilliam
2430,terry jones
2431,yanyong kuruaungkoul
2432,lenin bharathi
2433,ranjit jeyakodi
2434,ram
2435,john fortenberry
2436,chris bould
2437,kevin booth
2438,david johndrow
2439,paul m. green
2440,julio fernã¡ndez talamantes
2441,walter c. miller
2442,noriyuki abe
2443,ellen brown
2444,ã¡lvaro brechner
2445,rakesh mehta
2446,eduardo chauvet
2447,gonzalo bendala
2448,noam murro
2449,kheiron
2450,susanne bier
2451,irek dobrowolski
2452,gilbert chan
2453,rarecho
2454,steve cheng
2455,sam loh
2456,jason lai
2457,samit kakkad
2458,tig notaro
2459,prasobh vijayan
2460,sriram raghavan
2461,elaine bogan
2462,john sanford
2463,michael cuesta
2464,david cronenberg
2465,thom zimny
2466,james marsh
2467,sean olson
2468,sigrid andrea bernardo
2469,guillermo de oliveira
2470,manoj beedha
2471,alfonso cuarã³n
2472,john hoffman
2473,nanfu wang
2474,marco risi
2475,anne fletcher
2476,marek losey
2477,andy serkis
2478,mat king
2479,bert marcus
2480,ahsan rahim
2481,cheang pou soi
2482,enrique garcã­a meza
2483,katarina launing
2484,johnnie to
2485,lawrence cheng
2486,prakash balwant saini
2487,nam ron
2488,baljit singh deo
2489,leung lok man
2490,luk kim-ching
2491,jazz boon
2492,felix chong
2493,dhanush
2494,gary mak
2495,liu jiang
2496,joseduardo giordano
2497,sergio goyri jr.
2498,alice rohrwacher
2499,nandita das
2500,romain gavras
2501,sebastiã¡n hofmann
2502,denny lu
2503,mike myhre
2504,clay kaytis
2505,fernando colomo
2506,robert vince
2507,raditya dika
2508,david paul meyer
2509,dawn porter
2510,daniel goldhaber
2511,fred cavayã©
2512,v c abhilash
2513,nila madhab panda
2514,timo tjahjanto
2515,nakul singh sawhney
2516,nishanth ravindaran
2517,jathin sanker raj
2518,swapna waghmare joshi
2519,erik matti
2520,christopher guest
2521,vincent kok
2522,christian zã¼bert
2523,david mackenzie
2524,tejas prabha vijay deoskar
2525,matheus souza
2526,sara dosa
2527,bradley walsh
2528,orson welles
2529,morgan neville
2530,indrajit nattoji
2531,raj kumar gupta
2532,remo d'souza
2533,arnab chaudhuri
2534,rana ranbir
2535,kookie v. gulati
2536,vivek agnihotri
2537,habib faisal
2538,bobby roth
2539,halder gomes
2540,amitoj mann
2541,b. unnikrishnan
2542,madhur bhandarkar
2543,sajid khan
2544,saji surendran
2545,ksshitij chaudhary
2546,sundar c.
2547,gary binkow
2548,nikhil advani
2549,navinder pal singh
2550,kunal deshmukh
2551,r. kannan
2552,gaurav narayanan
2553,kevin layne
2554,jennifer m. kroot
2555,akin omotoso
2556,dani de la torre
2557,tinge krishnan
2558,aleksey german
2559,sergio barrejã³n
2560,sandi tan
2561,vijay yelakanti
2562,s.s. rajamouli
2563,joanna lombardi
2564,bruno ascenzo
2565,kim jee-woon
2566,rajesh touchriver
2567,david lam
2568,thiru
2569,tom forrest
2570,anik datta
2571,shaad ali
2572,gareth evans
2573,paul urkijo alijo
2574,johanna demetrakas
2575,padraic mckinley
2576,rizal mantovani
2577,rusty cundieff
2578,darin scott
2579,kabir bhatia
2580,chris eigeman
2581,olaf de fleur
2582,tamara jenkins
2583,kavi raz
2584,nick simon
2585,eric idle
2586,aubrey powell
2587,anthony giordano
2588,will yapp
2589,terry hughes
2590,ian macnaughton
2591,roger graef
2592,james rogan
2593,simranjit singh hundal
2594,n. linguswamy
2595,deep joshi
2596,manjeet maan
2597,shagufta rafique
2598,tinu pappachan
2599,amarpreet g s chabbra
2600,paresh mokashi
2601,rohit jugraj
2602,atharv baluja
2603,vishal bhardwaj
2604,puneet sira
2605,aziz mirza
2606,sameer sharma
2607,chandan arora
2608,rajan madhav
2609,raaghav dar
2610,ishi rudell
2611,david lee miller
2612,amit saxena
2613,jaivi dhanda
2614,suman ghosh
2615,kabir khan
2616,akshay akkineni
2617,nidhi sharma
2618,vipin parashar
2619,vikram pradhan
2620,vijay
2621,sartaj singh pannu
2622,ayaan mukherji
2623,sidharth malhotra
2624,saket behl
2625,anjum shahzad
2626,ken kwapis
2627,monique gardenberg
2628,han yan
2629,jeremy saulnier
2630,kim a. snyder
2631,ã¡lvaro longoria
2632,anthony byrne
2633,rashida jones
2634,alan hicks
2635,ariel vromen
2636,nicole holofcener
2637,alessio cremonini
2638,joram lã¼rsen
2639,madeleine gavin
2640,kevin r. adams
2641,joe ksander
2642,ian samuels
2643,franck ribiã¨re
2644,peter ho
2645,qaushiq mukherjee
2646,onir
2647,jatla siddartha
2648,kanwal sethi
2649,samuel jouy
2650,shivam nair
2651,jordan brady
2652,todd biermann
2653,patrick graham
2654,mike clattenburg
2655,han qing
2656,atlee kumar
2657,ravi udyawar
2658,r. balki
2659,shree narayan singh
2660,manuel martã­n cuenca
2661,susan johnson
2662,y. joon chung
2663,rucha humnabadkar
2664,mike newell
2665,jake szymanski
2666,abhishek varman
2667,sabir khan
2668,nikhil nagesh bhat
2669,xiaoxing yi
2670,yoshitaka takeuchi
2671,haoling li
2672,lauren miller rogen
2673,nitesh tiwari
2674,khalid mohamed
2675,sanjay leela bhansali
2676,prem soni
2677,prabhu deva
2678,mandeep kumar
2679,jesse handsher
2680,olivier roland
2681,pablo giorgelli
2682,robin aubert
2683,ted emery
2684,tony datis
2685,ben young
2686,kirby dick
2687,chris jenkins
2688,samu fuentes
2689,diego cohen
2690,lee eung-bok
2691,jody hill
2692,alexandre espigares
2693,scott l. montoya
2694,sam voutas
2695,raj kaushal
2696,k.c. bokadia
2697,samir soni
2698,juan antonio de la riva
2699,cyrus saidi
2700,shlok sharma
2701,yayo herrero
2702,matt palmer
2703,rodrigo triana
2704,elaine mcmillion sheldon
2705,federico d'alessandro
2706,seiji mizushima
2707,myriam aziza
2708,gerard barrett
2709,rene liu
2710,jon olb
2711,felix starck
2712,oded raz
2713,mariana tschudi
2714,hã©ctor gã¡lvez
2715,ramã³n salazar
2716,eduardo mendoza de echave
2717,craig johnson
2718,jeffrey walker
2719,shadab khan
2720,nattawut poonpiriya
2721,norberto lã³pez amado
2722,alex richanbach
2723,brit mcadams
2724,mercedes cordova
2725,hayao miyazaki
2726,anthony abrams
2727,adam larson broder
2728,trey borzillieri
2729,barbara schroeder
2730,bobcat goldthwait
2731,dani levy
2732,sonny mallhi
2733,andrew niccol
2734,isabelle nanty
2735,rob epstein
2736,jeffrey friedman
2737,antonio morabito
2738,rene bueno
2739,john woo
2740,patricia ferreira
2741,jimmy henderson
2742,devashish makhija
2743,amal neerad
2744,fluvio iannuci
2745,roly santos
2746,julius r. nasso
2747,lucas figueroa
2748,alfonso rodrã­guez
2749,guillermo garcia
2750,david cantolla
2751,dito montiel
2752,vicente villanueva
2753,amit roy
2754,teddy lussi-modeste
2755,ben shelton
2756,curro velã¡zquez
2757,robert smigel
2758,max amini
2759,jason sussberg
2760,david alvarado
2761,cã©lia catunda
2762,kiko mistrorigo
2763,rodrigo eba
2764,sang-ho yeon
2765,andy fickman
2766,olivia milch
2767,david sington
2768,heather walsh
2769,pedro coutinho
2770,joshua marston
2771,eleonore pourriat
2772,peter webber
2773,peter orton
2774,marja lewis ryan
2775,ryan koo
2776,hatem khraiche
2777,derek peck
2778,jennifer morrison
2779,hã¨ctor hernã¡ndez vicens
2780,kader aoun
2781,abhay chopra
2782,diego lerman
2783,farah khan
2784,ananda krishnan
2785,amol palekar
2786,joe miale
2787,olivia newman
2788,jared stern
2789,lennart ruff
2790,maz jobrani
2791,dan lucchesi
2792,mijke de jong
2793,daryl hannah
2794,michael larnell
2795,advait chandan
2796,brandon camp
2797,alison klayman
2798,yoo byung-jae
2799,sunao katabuchi
2800,johan brisinger
2801,maria sadowska
2802,yang woo-seok
2803,john l. spencer
2804,victor cook
2805,kazuya murata
2806,martin zandvliet
2807,uraaz bahl
2808,rick benattar
2809,ben wallis
2810,santiago diaz
2811,pablo martin farina
2812,mitch gould
2813,lars bã¼chel
2814,amit barot
2815,carlo padial
2816,john paul tremblay
2817,robb wells
2818,milind dhaimade
2819,hong-seon kim
2820,duncan jones
2821,hang-jun jang
2822,fumihiko sori
2823,mariano baez
2824,stephanie laing
2825,anand tiwari
2826,roberta grossman
2827,sophie sartain
2828,david bruckner
2829,tamta gabrichidze
2830,ari sandel
2831,julius onah
2832,ildiko enyedi
2833,you-jeong chang
2834,dan forrer
2835,selima taibi
2836,marty callner
2837,javier ambrossi
2838,javier calvo
2839,david wain
2840,isaac florentine
2841,scott moran
2842,charles stone iii
2843,matt angel
2844,suzanne coote
2845,chris baugh
2846,latif faiziyev
2847,umesh mehra
2848,rajiv mehra
2849,rhiannon bannenberg
2850,david mrnka
2851,maya forbes
2852,choi jin-seong
2853,milind rau
2854,craig elrod
2855,jose manuel colã³n
2856,yasuhiro irie
2857,alethea jones
2858,jay baruchel
2859,ludovic bernard
2860,noã«l wells
2861,patrick brice
2862,daniel kontur
2863,diego kaplan
2864,marco deufemia
2865,lydia tenaglia
2866,varun narvekar
2867,seth henrikson
2868,benson lee
2869,drew heriot
2870,joel crawford
2871,michael barrett
2872,evan spiridellis
2873,jeff gill
2874,leopoldo aguilar
2875,nana ekvtimishvili
2876,simon gross
2877,olivier jean-marie
2878,myles kane
2879,josh koury
2880,shreyas talpade
2881,jon alpert
2882,ibai abad
2883,jim gable
2884,josh wakely
2885,jacob kornbluth
2886,alain desrochers
2887,go koga
2888,christian charles
2889,bronwen hughes
2890,john ridley
2891,pali yahya
2892,alo sarkar
2893,iã±aki dorronsoro
2894,ali bin matar
2895,ali samadi ahadi
2896,d ho
2897,judah friedlander
2898,errol morris
2899,alex israel
2900,shakti samanta
2901,griffin dunne
2902,katherine dieckmann
2903,heidi ewing
2904,rachel grady
2905,jeremy rush
2906,reem kherici
2907,ranjit tiwari
2908,david stubbs
2909,mahmoud al massad
2910,yesim ustaoglu
2911,lucy cohen
2912,mahmoud sabbagh
2913,borja cobeaga
2914,david france
2915,brandon jones
2916,geun-hyun cho
2917,carlos therã³n
2918,francesco carrozzini
2919,karen j. lloyd
2920,vibeke idsã¸e
2921,carlos algara
2922,alejandro martinez-beltran
2923,jacob lamendola
2924,ritesh batra
2925,dylan howitt
2926,nabil ayouch
2927,louis j. horvitz
2928,warren p. sonoda
2929,ã¡lex de la iglesia
2930,chris moukarbel
2931,ana lily amirpour
2932,michael bonfiglio
2933,yance ford
2934,fernando lebrija
2935,rodrigo toro
2936,francisco schultz
2937,josã© miguel contreras
2938,toshiyuki kubooka
2939,todd s. yellin
2940,mohammed hussain
2941,eli craig
2942,shammi kapoor
2943,florian schnell
2944,josh izenberg
2945,wynn padula
2946,mariano cohn
2947,gary wang
2948,raz degan
2949,israel adriã¡n caetano
2950,sarah adina smith
2951,cate shortland
2952,adam wingard
2953,daniel lindsay
2954,t.j. martin
2955,tommy wirkola
2956,jean-claude la marre
2957,jorge hernandez aldana
2958,will canon
2959,rob silvestri
2960,matthias hoene
2961,bryan fogel
2962,fabrice du welz
2963,john butler
2964,ali scher
2965,isaac rentz
2966,christopher murray
2967,claude lelouch
2968,vanessa roth
2969,jim strouse
2970,kasper collin
2971,fazila allana
2972,eric abrams
2973,agustã­ villaronga
2974,harry chaskin
2975,marti noxon
2976,stefan brogren
2977,pat healy
2978,nicolas brossette
2979,serdar akar
2980,lekh tandon
2981,doesjka van hoogdalem
2982,sushil majumdar
2983,geetu mohandas
2984,paulo oriol
2985,oskar santos
2986,bill d'elia
2987,brian knappenberger
2988,brent bonacorso
2989,roy burdine
2990,johnny castuciano
2991,jay bulger
2992,kip andersen
2993,keegan kuhn
2994,iginio straffi
2995,arun chidambaram
2996,caio cobra
2997,cal seville
2998,michael john warren
2999,chang-min lee
3000,oren uziel
3001,manika sharma
3002,kimo stamboel
3003,jun-seong kim
3004,onur tukel
3005,jayaprakash radhakrishnan
3006,rob meyer
3007,anita barbosa
3008,ketan mehta
3009,daniel wilner
3010,alberto rodrã­guez
3011,joe piscatella
3012,rahul dholakia
3013,jean-patrick benes
3014,lygia barbosa da silva
3015,eliane brum
3016,kundan shah
3017,so yong kim
3018,alina teodorescu
3019,filip renc
3020,dylan bank
3021,daniel dimauro
3022,morgan pehme
3023,sean foley
3024,pierre corã©
3025,liz plonka
3026,jeff garlin
3027,michael barnett
3028,jessica yu
3029,k. rajagopal
3030,praveen nischol
3031,lucien jean-baptiste
3032,sean cisterna
3033,sudhanshu saria
3034,dilip mehta
3035,isaki lacuesta
3036,isa campo
3037,kitty green
3038,evan katz
3039,gauri shinde
3040,oliver schmitz
3041,felix herngren
3042,mã¥ns herngren
3043,jill bauer
3044,ronna gradus
3045,fernando coimbra
3046,adam leon
3047,andrea molaioli
3048,marie madinier
3049,miguel ã¡ngel lamata
3050,steven brill
3051,antonio serrano
3052,grant s. johnson
3053,ippsie jones
3054,joe swanberg
3055,alexandre reinecke
3056,jamal hill
3057,k. ramanlal
3058,maris curran
3059,avinash arun
3060,jason spingarn-koff
3061,a. salaam
3062,eduardo casanova
3063,daniel burman
3064,kike maã­llo
3065,laurent bouzereau
3066,gordon anderson
3067,charlie mcdowell
3068,tommy o'haver
3069,lonny price
3070,sydney freeland
3071,jung-woo park
3072,james ivory
3073,santosh sivan
3074,erik canuel
3075,peter middleton
3076,james spinney
3077,shashilal k. nair
3078,marcel barrena
3079,gerard mcmurray
3080,selvamani selvaraj
3081,mike birbiglia
3082,lã´ politi
3083,tomas portella
3084,macon blair
3085,juan pablo buscarini
3086,thomas stuber
3087,scot mcfadyen
3088,raãºl arã©valo
3089,matã­as bize
3090,michael paul stephenson
3091,colin dench
3092,ricky gervais
3093,joachim fest
3094,christian herrendoerfer
3095,malik vitthal
3096,joaquã­n mazã³n
3097,jonã¡s trueba
3098,peter deluise
3099,alejandra mã¡rquez abella
3100,sã©bastien betbeder
3101,adam randall
3102,marco dutra
3103,mario rouleau
3104,aniruddha roy chowdhury
3105,chester tam
3106,hannes stã¶hr
3107,andreas prochaska
3108,maximilian erlenwein
3109,burhan qurbani
3110,hubert woroniecki
3111,jorge michel grau
3112,alistair legrand
3113,mir-jean bou chaaya
3114,jeannie gaffigan
3115,babak anvari
3116,emily hagins
3117,greg richardson
3118,uwe boll
3119,mitch schauer
3120,rohit mittal
3121,steve hickner
3122,diego luna
3123,riki lindhome
3124,jeremy konner
3125,vikram gandhi
3126,sean hanish
3127,sinan akkuåÿ
3128,matt bell
3129,james hawes
3130,elite zexer
3131,james yukich
3132,nic mathieu
3133,chris kelly
3134,roman gackowski
3135,benjamin dickinson
3136,sacha wolff
3137,adam nimoy
3138,elizabeth wood
3139,robert mccullough jr.
3140,shrihari sathe
3141,ralph macchio
3142,ricardo maldonado
3143,vetrimaaran
3144,linas phillips
3145,jeff margolis
3146,bauddhayan mukherji
3147,marã­a jose cuevas
3148,chris sparling
3149,raãºl campos delgado
3150,michelle caputo
3151,volker weicker
3152,manjeet singh
3153,lorene machado
3154,richard ladkani
3155,richard mears
3156,moto sakakibara
3157,emilio martã­nez lã¡zaro
3158,osgood perkins
3159,werner herzog
3160,julien rambaldi
3161,yvan attal
3162,benjamin weill
3163,roger gual
3164,thomas sorriaux
3165,clovis cornillac
3166,mel stuart
3167,jonathan demme
3168,dave higby
3169,richie smyth
3170,riccardo pilizzeri
3171,guilherme fontes
3172,aamir bashir
3173,david schalko
3174,pieter kuijpers
3175,prashant nair
3176,paul taublieb
3177,jon freeman
3178,riccardo milani
3179,rod blackhurst
3180,brian mcginn
3181,tony elliott
3182,dan krauss
3183,christopher louie
3184,justin krook
3185,john smithson
3186,christopher martin
3187,tom whitter
3188,sian heder
3189,karl mueller
3190,allan ungar
3191,hemant gaba
3192,pratim d. gupta
3193,sudhish kamath
3194,rob burnett
3195,jon greenhalgh
3196,felix van groeningen
3197,rodolphe guenoden
3198,jason krawczyk
3199,sophie robinson
3200,lotje sodderland
3201,john lee
3202,yuen wo-ping
3203,alik sakharov
3204,l. frazier
3205,frank coraci
3206,kristin hanggi
3207,j. davis
3208,jennifer lee
3209,patrick osborne
3210,andrew bujalski
3211,adam dubin
3212,cary joji fukunaga
3213,aaron hann
3214,mario miscione
3215,evgeny afineevsky
3216,kristina goolsby
3217,ashley york
3218,phil joanou
3219,anthony pierce
3220,jennifer phang
3221,mike fleiss
3222,aziz ansari
3223,david sampliner
3224,katy chevigny
3225,wyatt cenac
3226,luis lopez
3227,clay tweel
3228,robert nixon
3229,fisher stevens
3230,greg whiteley
3231,jason moore
3232,josh greenbaum
3233,will lovelace
3234,dylan southern
3235,constance marks
3236,larry elikann
3237,robert markowitz
3238,eric laneuville
3239,joel oliansky
3240,roy campanella ii
3241,arthur allan seidelman
3242,john herzfeld
3243,buzz kulik
3244,richard michaels
3245,linda otto
3246,roger young
3247,rob laduca
3248,robert c. ramirez
3249,icã­ar bollaã­n
3250,joe dante
3251,ole bornedal
3252,sorin dan mihalcescu
3253,shane acker
3254,kevin reynolds
3255,shravan kumar
3256,vijay milton
3257,santwana bardoloi
3258,atanu ghosh
3259,lyric r. cabral
3260,david felix sutcliffe
3261,michael margolis
3262,michael kennedy
3263,ã³skar thã³r axelsson
3264,karyn kusama
3265,adam deyoe
3266,leif tilden
3267,melinda janko
3268,sam upton
3269,victor zarcoff
3270,daniel stamm
3271,daniel lee
3272,scott hussion
3273,seth fuller
3274,richard donner
3275,burr steers
3276,david marmor
3277,raymond wood
3278,hasraf dulull
3279,mike mills
3280,jon lucas
3281,scott moore
3282,joey curtis
3283,brian smrz
3284,nicanor loreti
3285,simon napier-bell
3286,betty thomas
3287,gaby dellal
3288,iman brotoseno
3289,shazia javed
3290,hani hamdi
3291,ruben fleischer
3292,maciej dejczer
3293,jack c. newell
3294,andrew nackman
3295,victor levin
3296,jonathan levine
3297,toa fraser
3298,pascale lamche
3299,bharat jain
3300,trent haaga
3301,nizar shafi
3302,meenu gaur
3303,farjad nabi
3304,padmakumar narasimhamurthy
3305,richard attenborough
3306,stanley kubrick
3307,stephen gyllenhaal
3308,tom fassaert
3309,mark williams
3310,roman coppola
3311,erik nelson
3312,teo konuralp
3313,jim fall
3314,andy goddard
3315,chris bell
3316,christopher s. rech
3317,brandon kimber
3318,michael lennox
3319,kees van oostrum
3320,henry sarwer-foner
3321,khaled youssef
3322,ishaan trivedi
3323,asghar farhadi
3324,maria burton
3325,natalie portman
3326,martin lawrence
3327,adam shankman
3328,gregory caruso
3329,rusty nixon
3330,oliver daly
3331,midhun manuel thomas
3332,chandrakant kulkarni
3333,uttung shelar
3334,seung-uk jo
3335,chad van de keere
3336,daniela goggi
3337,alfonso serrano maturino
3338,julien christian lutz
3339,julie taymor
3340,mike mccoy
3341,scott waugh
3342,brett donowho
3343,thierry donard
3344,anne fontaine
3345,sandeep chatterjee
3346,kyle rideout
3347,bryce wagoner
3348,brittany andrews
3349,nicolã¡s lã³pez
3350,terry loane
3351,biswajeet bora
3352,castille landon
3353,gervasio iglesias
3354,susan glatzer
3355,eva vives
3356,don bluth
3357,gary goldman
3358,dan kuenster
3359,vã­ctor garcã­a
3360,charlie vaughn
3361,chris blake
3362,matthew hope
3363,vincent perez
3364,lee tamahori
3365,richard rich
3366,greg kohs
3367,trey haley
3368,atul malhotra
3369,manmohan desai
3370,sam mendes
3371,brendon marotta
3372,barak goodman
3373,sharon grimberg
3374,mark zwonitzer
3375,wilson coneybeare
3376,sarik andreasyan
3377,tony kaye
3378,andrea arnold
3379,nick davis
3380,jerry g. angelo
3381,asif kapadia
3382,karan bali
3383,phil nibbelink
3384,simon wells
3385,larry latham
3386,perry lang
3387,ismail farouk
3388,avinash das
3389,carlos marques-marcet
3390,tim blake nelson
3391,luis mandoki
3392,pan nalin
3393,sohail tatari
3394,paul serafini
3395,juan zapata
3396,sherif ismail
3397,ken barbet
3398,manish jha
3399,david salzberg
3400,christian tureaud
3401,j.f. musial
3402,josh vietze
3403,christian desmares
3404,franck ekinci
3405,christopher chambers
3406,khaled el halafawy
3407,nia dinata
3408,jason winer
3409,sarah smith
3410,james l. brooks
3411,john murlowski
3412,sung-soo kim
3413,mike nicoll
3414,jason stone
3415,mez tharatorn
3416,david morris
3417,jacqui morris
3418,fabrizio copano
3419,augusto matte
3420,mike rossiter
3421,gabe ibã¡ã±ez
3422,anthony russo
3423,joe russo
3424,levan tsikurishvili
3425,ajay bahl
3426,ã§agan irmak
3427,alejandro g. iã±ã¡rritu
3428,shikha makan
3429,josã© eduardo belmonte
3430,adam macdonald
3431,dave patten
3432,michael petroni
3433,david chirchirillo
3434,salima koroma
3435,sumitra bhave
3436,sunil sukthankar
3437,justin lee
3438,phil weinstein
3439,haissam hussain
3440,zoe lister-jones
3441,aaron nee
3442,adam nee
3443,tanit jitnukul
3444,manop janjarasskul
3445,adisorn tresirikasem
3446,jordi llompart
3447,raja menon
3448,matthew salleh
3449,adam wood
3450,zeke norton
3451,andrew tan
3452,michael goguen
3453,william lau
3454,ezekiel norton
3455,kyle newman
3456,esteban vidal
3457,dava whisenant
3458,hrishikesh mukherjee
3459,sagar sarhadi
3460,lilibet foster
3461,joshua caldwell
3462,volker arzt
3463,angelika sigl
3464,mel smith
3465,mike judge
3466,bruce w. smith
3467,agasyah karim
3468,khalid kashogi
3469,julian jarrold
3470,keiko yagi
3471,katherine fairfax wright
3472,rajeev chaudhari
3473,anthony wonke
3474,april mullen
3475,justin pemberton
3476,adam marino
3477,joe camp
3478,tamer bassiouni
3479,ted braun
3480,dharmesh darshan
3481,sushrut jain
3482,majid majidi
3483,jasbir bijendra bhati
3484,joey kern
3485,scott martin
3486,kaspar astrup schrã¶der
3487,nick broomfield
3488,stephen daldry
3489,vonda harrell
3490,daniel camenisch
3491,indrasis acharya
3492,gajendra ahire
3493,viju mane
3494,girish mohite
3495,emanuel hoss-desmarais
3496,marianna palka
3497,ham tran
3498,miguel conde
3499,supavitra babul
3500,mark harris
3501,jesse gustafson
3502,martin hodara
3503,gabriela cowperthwaite
3504,daniel alfredson
3505,ethan hawke
3506,ben younger
3507,deane taylor
3508,july hygreck
3509,jean-franã§ois richet
3510,ted demme
3511,abdellatif kechiche
3512,woody allen
3513,lev l. spiro
3514,derek cianfrance
3515,jeremy kenyon lockyer corbell
3516,jay surridge
3517,elvira lind
3518,raj kapoor
3519,gabriel clarke
3520,torquil jones
3521,brendan byrne
3522,geoffrey orthwein
3523,andrew sullivan
3524,byron howard
3525,chris williams
3526,alexandra dean
3527,jelle de jonge
3528,ben ryder
3529,arthur penn
3530,kaizad gustad
3531,gary cohen
3532,ross hockrow
3533,gayane petrosyan
3534,richard sears
3535,alãª abreu
3536,chris stokes
3537,michael doneger
3538,cecilia peck
3539,jody lambert
3540,simon baker
3541,rian johnson
3542,robert adetuyi
3543,lu yang
3544,vivieno caldinelli
3545,mike wiluan
3546,andreas johnsen
3547,david mccracken
3548,steve antin
3549,jon manning
3550,lee chang-dong
3551,cary murnion
3552,jonathan milott
3553,daniel mann
3554,daniele thompson
3555,travis zariwny
3556,nã©stor sã¡nchez sotelo
3557,asim abbasi
3558,carlos bolado
3559,scott marshall smith
3560,lisa arnold
3561,peter sattler
3562,harry elfont
3563,deborah kaplan
3564,bernard rose
3565,noushad
3566,mark o'connor
3567,chito s. roã±o
3568,todd haynes
3569,brian de palma
3570,matt piedmont
3571,wong jing
3572,richard brooks
3573,aaron hancox
3574,michael mcnamara
3575,henrik martin dahlsbakken
3576,shivendra singh dungarpur
3577,nicholas hytner
3578,harry baweja
3579,aatmaram dharne
3580,umer adil
3581,arne birkenstock
3582,dianne dreyer
3583,garin nugroho
3584,john curran
3585,charles a. nichols
3586,iwao takamoto
3587,jason kwan
3588,john scheinfeld
3589,gurvinder singh
3590,asit mohapatra
3591,anuranjan premji
3592,mark dindal
3593,tom holland
3594,tan bing
3595,bedabrata pain
3596,ken hughes
3597,atom egoyan
3598,andrew sandler
3599,corbin bernsen
3600,marita grabiak
3601,gary wheeler
3602,marc forster
3603,mohsin ali
3604,katia lund
3605,pete travis
3606,nick mead
3607,louis leterrier
3608,gregory hoblit
3609,eric stoltz
3610,jack starrett
3611,chris perkel
3612,john crowley
3613,lilly wachowski
3614,lana wachowski
3615,tom tykwer
3616,matt reeves
3617,thomas carter
3618,vishal mishra
3619,saurav palodhi
3620,florian gallenberger
3621,zack whedon
3622,craig goodwill
3623,jesse adang
3624,van m. pham
3625,gavin fitzgerald
3626,abdul aziz hashad
3627,stuart rosenberg
3628,ben steele
3629,henry selick
3630,jason bourque
3631,micah bickham
3632,galley molina
3633,kranti kanade
3634,ang lee
3635,don mancini
3636,zachary heinzerling
3637,chandrakant kanse
3638,gary david goldberg
3639,steve carr
3640,gerry blaksley
3641,amara cash
3642,pablo parã©s
3643,johnson esthappan
3644,raj amit kumar
3645,jean-marc vallã©e
3646,philipp eichholtz
3647,brendan toller
3648,agnidev chatterjee
3649,alexandros avranas
3650,prawal raman
3651,parveen kumar
3652,julie dash
3653,amman abbasi
3654,dylan haegens
3655,bas van teylingen
3656,jake paltrow
3657,tom edmunds
3658,tanveer khan
3659,danny j. boyle
3660,tanuj bhramar
3661,jason priestley
3662,neil labute
3663,harrison smith
3664,clay porter
3665,benoã®t jacquot
3666,ken burns
3667,artemis joukowsky
3668,dennis iliadis
3669,camilla nielsson
3670,christian gudegast
3671,frederick cipoletti
3672,sam patton
3673,christopher smith
3674,michael feifer
3675,saara cantell
3676,clay staub
3677,hark tsui
3678,chia-liang liu
3679,todd standing
3680,benjamin arfmann
3681,david lean
3682,paul schrader
3683,philip marlatt
3684,charles martin smith
3685,mahin ibrahim
3686,austin kolodney
3687,will lowell
3688,troy nixey
3689,nils tavernier
3690,caradog w. james
3691,daniel gordon
3692,john patrick shanley
3693,m.j. isakson
3694,bo welch
3695,scott mosier
3696,yarrow cheney
3697,rob cohen
3698,colin teague
3699,doug lefler
3700,patrik syversen
3701,greg macgillivray
3702,tristan ferland milewski
3703,reiner holzemer
3704,afia nathaniel
3705,eeshwar nivas
3706,emma hatherley
3707,dave green
3708,anthony lucero
3709,will gluck
3710,bruce gowers
3711,ajithkumar
3712,harjit singh
3713,philipp stã¶lzl
3714,federico lemos
3715,bassam kurdali
3716,john bridcut
3717,sebastian gutierrez
3718,fabien beziat
3719,hugues nancy
3720,jon spira
3721,michael thelin
3722,riri riza
3723,neil triffett
3724,greg coolidge
3725,ajay phansekar
3726,denis villeneuve
3727,jenny carchman
3728,jason james
3729,robert clouse
3730,kurt wimmer
3731,wojciech marczewski
3732,marcelo gonzã¡lez
3733,valeria golino
3734,robi michael
3735,alex garland
3736,james lee
3737,stuart baird
3738,anders sã¸mme hammer
3739,marius arnesen
3740,klaus erik okstad
3741,michael whitton
3742,keith malloy
3743,joseph mbah
3744,benny fine
3745,matt toronto
3746,sedat kirtan
3747,kubilay sarikaya
3748,keith l. smith
3749,nagraj manjule
3750,shadi ali
3751,ian barber
3752,norman jewison
3753,biyi bandele
3754,luke jurevicius
3755,ari levinson
3756,tony zierra
3757,james wong
3758,david r. ellis
3759,gianfranco rosi
3760,sabal singh shekawat
3761,arthur muhammad
3762,nirpal bhogal
3763,cheh chang
3764,marc abraham
3765,kang cheng
3766,shan hua
3767,asri bendacha
3768,juan manuel cotelo
3769,john duigan
3770,mark helenowski
3771,kevin pang
3772,dean wright
3773,mark murphy
3774,richard miron
3775,jon carey
3776,adam darke
3777,eric juhola
3778,fred m. wilcox
3779,maya zinshtein
3780,lee fulkerson
3781,seth gordon
3782,trudie styler
3783,marc levin
3784,wade allain-marcus
3785,jesse allain-marcus
3786,jude okwudiafor johnson
3787,marcus nispel
3788,simon verhoeven
3789,heber cannon
3790,bob rose
3791,le van kiet
3792,adam del giudice
3793,hoyt yeatman
3794,fellipe barbosa
3795,pavel parkhomenko
3796,ifa isfansyah
3797,rudy soedjarwo
3798,hiroshi katagiri
3799,manbhavan singh
3800,p.k. baaburaaj
3801,david grossman
3802,guy vasilovich
3803,nicholas stoller
3804,david silberg
3805,rich ragsdale
3806,kazuchika kise
3807,partho ghosh
3808,vincente minnelli
3809,charles walters
3810,sally potter
3811,brett whitcomb
3812,harold cronk
3813,jedd wider
3814,todd wider
3815,gordon chan
3816,anjali nayar
3817,michael mason
3818,francis lee
3819,takuya inaba
3820,sam de jong
3821,ivan sen
3822,mark landre gould
3823,neslihan yesilyurt
3824,chris mccoy
3825,wendy jo carlton
3826,tarek abdel moaty
3827,henrik ruben genz
3828,justin chon
3829,robert altman
3830,mathieu kassovitz
3831,ananth narayan mahadevan
3832,tanuj chopra
3833,nanette burstein
3834,james woodroffe
3835,ali taner baltacä±
3836,mamoru oshii
3837,hideki futamura
3838,ian kirby
3839,satish kaushik
3840,john irvin
3841,akram farouk
3842,johnny martin
3843,tim van someren
3844,joe dietsch
3845,louie gibson
3846,luis javier m. henaine
3847,robert osman
3848,nathanael wiseman
3849,ilya naishuller
3850,jon hurwitz
3851,hayden schlossberg
3852,danny leiner
3853,daniel raim
3854,ah loong
3855,ron davis
3856,justin bare
3857,matthew miele
3858,jon schnitzer
3859,brant sersen
3860,eddie martin
3861,andrew c. erin
3862,quinn lasher
3863,elle callahan
3864,ana kokkinos
3865,kelly noonan
3866,david mirkin
3867,huang jianming
3868,tom gianas
3869,ross r. shuman
3870,christel gibson
3871,timothy woodward jr.
3872,shawn arranha
3873,liu jie
3874,scott hicks
3875,lucy van beek
3876,jennifer lynch
3877,vishnu govindhan
3878,asim raza
3879,neil armfield
3880,anthony scott burns
3881,nicholas mccarthy
3882,adam egypt mortimer
3883,will allen
3884,note chern-yim
3885,rakshith thirthahalli
3886,anindya chatterjee
3887,bille woodruff
3888,mike disa
3889,sudip bandyopadhyay
3890,brodje wemboendja
3891,ayush raina
3892,marty stalker
3893,scott cooper
3894,michael polish
3895,max mcgill
3896,janusz majewski
3897,genndy tartakovsky
3898,mark tonderai
3899,sandy chronopoulos
3900,ziga virc
3901,tom o'dell
3902,ken marino
3903,lionel c. martin
3904,jocelyn moorhouse
3905,cal saville
3906,amar gupte
3907,frank paur
3908,raj kanwar
3909,drew casson
3910,jonathan mostow
3911,matt kugelman
3912,gabriel grieco
3913,feng xiaogang
3914,adam sjã¶berg
3915,chuck russell
3916,douglas mcgrath
3917,maria demeshkina peek
3918,ken loach
3919,steve race
3920,brett harvey
3921,law wing-cheong
3922,sachin
3923,tony leondis
3924,karey kirkpatrick
3925,walerian borowczyk
3926,taron lexton
3927,aytaã§ aäÿä±rlar
3928,eric zaragosa
3929,suman mukhopadhyay
3930,jonathan baker
3931,elizabeth chai vasarhelyi
3932,brad bird
3933,sanjeev gupta
3934,john stewart muller
3935,luca vullo
3936,iain softley
3937,k. subhash
3938,eugenio derbez
3939,michael gallagher
3940,patricia rozema
3941,charles officer
3942,john trengove
3943,kedar shinde
3944,jacob schwab
3945,leo riley
3946,v. k. prakash
3947,manish tiwary
3948,zatella beatty
3949,young jun lee
3950,mathias malzieu
3951,stã©phane berla
3952,harvey glazer
3953,stuart stone
3954,stuart orme
3955,dustin nguyen
3956,azfar jafri
3957,gerry hoban
3958,c. fitz
3959,joe boyd
3960,david gelb
3961,radhu karmakar
3962,john edginton
3963,ashim ahluwalia
3964,andrew stanton
3965,bill oliver
3966,toby haynes
3967,amardeep singh gill
3968,susannah heath-eves
3969,nora ephron
3970,salim akil
3971,phil morrison
3972,munjal shroff
3973,tilak shetty
3974,kathryn bigelow
3975,sanjay gupta
3976,kranti redkar
3977,tinnu anand
3978,jijo pancode
3979,pa. ranjith
3980,buta singh
3981,roger allers
3982,gaã«tan brizzi
3983,paul brizzi
3984,pooja bhatt
3985,rupert jones
3986,dhilip kumar
3987,sai paranjape
3988,alphonso j. wesson
3989,vineeth anil
3990,tim story
3991,lori kaye
3992,subhash ghai
3993,surya s.j.
3994,sunil kumar agrawal
3995,sudipto roy
3996,john stockwell
3997,steven gomez
3998,frã©dã©ric tonolli
3999,paul tanter
4000,attila till
4001,paul katis
4002,felix thompson
4003,jeffrey w. byrd
4004,steve greenwood
4005,deniz gamze ergã¼ven
4006,woo ming jin
4007,joris ivens
4008,alex proyas
4009,jonathan taylor
4010,joachim rã¸nning
4011,espen sandberg
4012,gulzar
4013,hans petter moland
4014,oliver blackburn
4015,william h. macy
4016,remy kohli
4017,stephen chow
4018,andrã©s couturier
4019,stanley tong
4020,suresh pillai
4021,yusuf pirhasan
4022,devin chanda
4023,samir karnik
4024,leandro mark
4025,nicolã¡s silbert
4026,giulio base
4027,alejandro lozano
4028,syed ahmad afzal
4029,sopon sukdapisit
4030,chris nahon
4031,r. ellis frazier
4032,jaki bradley
4033,kazuaki kiriya
4034,massy tadjedin
4035,damien piscarel
4036,emmanuel amara
4037,anand tucker
4038,roy allen smith
4039,ron myrick
4040,b.n. shajeer sha
4041,vic armstrong
4042,yang lei
4043,stephen murray
4044,anders falck
4045,stinus morell vithner
4046,mario cambi
4047,pascal blanchard
4048,sonia dauger
4049,david dietz
4050,john huston
4051,onur ã¼nlã¼
4052,jenna laurenzo
4053,justin mcconnell
4054,kevin peeples
4055,alfonso arau
4056,karim el sobky
4057,ellen weissbrod
4058,hua shan
4059,tim bartley
4060,robyn butler
4061,ira sachs
4062,zach clark
4063,nick gomez
4064,anil thomas
4065,guy ritchie
4066,steven knight
4067,james mather
4068,steve saint leger
4069,fernando sariã±ana
4070,josã© luis gutiã©rrez
4071,michael anderson
4072,jakob verbruggen
4073,jennifer baichwal
4074,nicholas de pencier
4075,sze yu lau
4076,david wnendt
4077,ignacio lã³pez escrivã¡
4078,sarah moshman
4079,charneice fox
4080,saandeep patel
4081,steven fine
4082,ahmad samir farag
4083,sridhar jetty
4084,christian ditter
4085,alma har'el
4086,katherine brooks
4087,ana quiroga
4088,radhika rao
4089,vinay sapru
4090,prabhuraj
4091,ticoy rodriguez
4092,jayan vannery
4093,dylan c. brown
4094,debaloy dey
4095,george miller
4096,callie khouri
4097,jim monaco
4098,chun wong
4099,ben patterson
4100,aaron burns
4101,luc vinciguerra
4102,benjamin ree
4103,amaan khan
4104,li pei-chuan
4105,sameer vidwans
4106,michael winnick
4107,keanu reeves
4108,ben palmer
4109,tathagata banerjee
4110,john upchurch
4111,tom o'brien
4112,michael roberts
4113,rahat kazmi
4114,clive tonge
4115,nathan landeg
4116,pulkit
4117,everardo gout
4118,david raynr
4119,david batty
4120,deepika narayan bhardwaj
4121,eric drath
4122,eric radomski
4123,shekhar kapur
4124,ui-seok jo
4125,pablo d'alo abba
4126,sudesh manjrekar
4127,atul kale
4128,daniel noah
4129,philip yung
4130,hassan hegazy
4131,shady ali
4132,bob hercules
4133,rita coburn whack
4134,samuel d. pollard
4135,jesãºs magaã±a vã¡zquez
4136,nathan morlando
4137,mina shum
4138,jacek koprowicz
4139,paul berczeller
4140,mark radice
4141,binu ulahhannan
4142,bob odenkirk
4143,shin-yeon won
4144,janet tobias
4145,claus wehlisch
4146,john barnard
4147,santosh manjrekar
4148,bharat nalluri
4149,gus van sant
4150,gavin o'connor
4151,keiichi hara
4152,liv ullmann
4153,kenny young
4154,jennifer siebel newsom
4155,barbara kopple
4156,julia hart
4157,david fairhead
4158,david blair
4159,osman ali
4160,anna boden
4161,ryan fleck
4162,munish bhardwaj
4163,ted geoghegan
4164,william monahan
4165,martin rosete
4166,brett ratner
4167,ahmed el gendy
4168,holger tappe
4169,steve sacks
4170,sylvain blais
4171,dustin mckenzie
4172,victor dal chele
4173,alfred gimeno
4174,mike fetterly
4175,dan fraga
4176,audu paden
4177,rachel bell
4178,barry jenkins
4179,antoine bardou-jacquet
4180,jami
4181,chad hartigan
4182,michael mayer
4183,avadhoot gupte
4184,jennifer peedom
4185,debra granik
4186,will graham
4187,tomer heymann
4188,anthony chan
4189,craig gillespie
4190,alexandre heboyan
4191,benoã®t philippon
4192,james bobin
4193,lewis milestone
4194,carol reed
4195,bruce mcdonald
4196,waymon boone
4197,dash shaw
4198,nathaniel warsh
4199,claude barras
4200,jayson thiessen
4201,siu-hung chung
4202,nick cassavetes
4203,atsajun sattakovit
4204,simon curtis
4205,moataz el tony
4206,sabu varghese
4207,krishna agazzi
4208,filippo gastaldi
4209,dennis bartok
4210,ben bowie
4211,geoff luck
4212,heidi saman
4213,natalia valdebenito
4214,sonia kennebeck
4215,gene quintano
4216,jon turteltaub
4217,roman atwood
4218,ben pluimer
4219,chad l. scheifele
4220,george stevens
4221,josh webber
4222,arun vaidyanathan
4223,jordana spiro
4224,kelly reichardt
4225,anthony bell
4226,tim maltby
4227,richard finn
4228,kiki goshay
4229,jacqueline monetta
4230,rushmore denooyer
4231,martin gorst
4232,giulia clark
4233,sarah holt
4234,terri randall
4235,doug hamilton
4236,peter fison
4237,graham townsley
4238,paula apsell
4239,kirk wolfinger
4240,oliver twinch
4241,sacha gervasi
4242,lesli linka glatter
4243,peter pardini
4244,sam taylor-johnson
4245,dana doron
4246,uriel sinai
4247,enrico bisi
4248,lars von trier
4249,mat whitecross
4250,jacques perrin
4251,jacques cluzaud
4252,luke sparke
4253,nacho g. velilla
4254,shawn crahan
4255,poj arnon
4256,clarence yiu-leung fok
4257,heitor dhalia
4258,pradip kurbah
4259,charlie lightening
4260,simon rumley
4261,banjong pisanthanakun
4262,morgan spurlock
4263,tim rouhana
4264,noah moskin
4265,jasmine d'souza
4266,nicolas winding refn
4267,bill guttentag
4268,michael ware
4269,jill culton
4270,john h. lee
4271,alex law
4272,logan kibens
4273,chia tang
4274,kiran narayanan
4275,ben c. lucas
4276,jayaraj rajasekharan nair
4277,mark franchetti
4278,andrew meier
4279,adam collins
4280,luke radford
4281,paul spurrier
4282,chandran narikode
4283,jorge granier
4284,piti jaturaphat
4285,amber tamblyn
4286,bhagyaraj
4287,rebecca addelman
4288,oren peli
4289,gafoor y. elliyaas
4290,jennie livingston
4291,kevin hooks
4292,dileep narayanan
4293,paritosh painter
4294,paul reubens
4295,wayne orr
4296,mohd khairul azri bin md noor
4297,mark palansky
4298,j.c. falcã³n
4299,c.j. wallis
4300,james foley
4301,tony stone
4302,karan lalit butani
4303,jean-loup felicioli
4304,alain gagnol
4305,wim wenders
4306,paween purikitpanya
4307,songyos sugmakanan
4308,abhishek saxena
4309,dana nachman
4310,don hardy jr.
4311,oscar micheaux
4312,spencer williams
4313,richard e. norman
4314,bruno stagnaro
4315,christophe honorã©
4316,jean-simon chartier
4317,gabe klinger
4318,steve mclean
4319,charlie haskell
4320,koichi sakamoto
4321,james barr
4322,ashish r. shukla
4323,josh alexander
4324,greg young
4325,bhavik thakore
4326,stephen cone
4327,anurag singh
4328,luis prieto
4329,michael tolajian
4330,akiva goldsman
4331,richard correll
4332,raphael erichsen
4333,hari viswanath
4334,manish gupta
4335,jeremy coon
4336,tim skousen
4337,ding sheng
4338,basu chatterjee
4339,phil johnston
4340,rich moore
4341,eric khoo
4342,sanjay dayma
4343,kim sung-hoon
4344,girish joshi
4345,amir mohiuddin
4346,husam el-gohari
4347,nicholas ray
4348,michael james regan
4349,craig anderson
4350,john milius
4351,amitava bhattacharya
4352,marina willer
4353,clementine malpas
4354,leslie knott
4355,andy capper
4356,shamyl othman
4357,allen coulter
4358,renã© pã©rez joglar
4359,linda saffire
4360,adam schlesinger
4361,vijay jayapal
4362,andrew loo
4363,jani lachauer
4364,jakob schuh
4365,jon avnet
4366,devaki singh
4367,luke kenny
4368,amit rai
4369,pierfrancesco diliberto
4370,nicholas winter
4371,sylvester stallone
4372,nancy schwartzman
4373,mitch dickman
4374,lenny abrahamson
4375,matthew atkinson
4376,max lang
4377,shweta basu prasad
4378,roman polanski
4379,john dahl
4380,jay chandrasekhar
4381,atanu mukherjee
4382,jeeva
4383,david l. cunningham
4384,dharmendra suresh desai
4385,alex infascelli
4386,raman kumar
4387,hakan yonat
4388,michael seater
4389,balu mahendra
4390,ehtesham uddin
4391,kireet khurana
4392,sanjay soorkar
4393,mohamed hamdy
4394,partha chakraborty
4395,k. gopinathan
4396,bruce macdonald
4397,gabriel sabloff
4398,rajeev patil
4399,glenn miller
4400,venugopan
4401,kamal sahani
4402,v. scott balcerek
4403,raj n. sippy
4404,damon cardasis
4405,jeffrey g. hunt
4406,kevan peterson
4407,dino risi
4408,keenen ivory wayans
4409,hiroshi aoyama
4410,kazumi fukushima
4411,jim stenstrum
4412,edgar wright
4413,wes craven
4414,steven zaillian
4415,malik bendjelloul
4416,jay chou
4417,billy ray
4418,kasia uscinska
4419,susannah ward
4420,sam taplin
4421,vicky matthews
4422,gareth sacala
4423,louise wardle
4424,kenneth mã¼ller
4425,michael patrick king
4426,max martini
4427,krishna vamshi
4428,gurudev bhalla
4429,samar khan
4430,raymond mcgrath
4431,adele k. thomas
4432,richard bailey
4433,jitendra tiwari
4434,pranav singh
4435,destin daniel cretton
4436,barney clay
4437,adarsh eshwarappa
4438,parkpoom wongpoom
4439,fabio grassadonia
4440,antonio piazza
4441,vivek wagh
4442,m.j. bassett
4443,jason cohen
4444,anil sharma
4445,robert kouba
4446,dorian fernã¡ndez-moris
4447,gregg bishop
4448,corey grant
4449,ekachai uekrongtham
4450,fredric lean
4451,arjun gourisaria
4452,moinak biswas
4453,colin strause
4454,greg strause
4455,leslye headland
4456,joe nussbaum
4457,billy bob thornton
4458,john maclean
4459,alex winter
4460,fred olen ray
4461,jonathan ignatius green
4462,ian macallister-mcdonald
4463,nancy meyers
4464,julius avery
4465,jeffrey c. bell
4466,david allensworth
4467,moniã¨re
4468,reuben atlas
4469,sam o'steen
4470,dan harris
4471,mark sloper
4472,sam raimi
4473,peter ramsey
4474,rodney rothman
4475,bob persichetti
4476,anthony palmer
4477,tom mccarthy
4478,harmony korine
4479,storm saulter
4480,christopher ray
4481,adam alleca
4482,alison e. rose
4483,ola flyum
4484,david hebditch
4485,chatchai katenut
4486,manussa vorasingha
4487,tanwarin sukkhapisit
4488,jon j. whelan
4489,alex holmes
4490,raj b. shetty
4491,james sweeney
4492,rowan athale
4493,baz luhrmann
4494,ester gould
4495,reijer zwaan
4496,andrew bergman
4497,afonso poyart
4498,j.m. berrios
4499,stefano sollima
4500,chayanop boonprakob
4501,zakariya
4502,benny fredman
4503,saul dibb
4504,joseph cross
4505,kasper barfoed
4506,partho sen-gupta
4507,kevin phillips
4508,greg mottola
4509,gordon parks
4510,stephen amezdroz
4511,bryan singer
4512,bruce mcculloch
4513,matthew cooke
4514,anthony caronna
4515,alexander smith
4516,matt wechsler
4517,jamie m. dagg
4518,dan kwan
4519,daniel scheinert
4520,derek yee
4521,navneet behal
4522,julien seri
4523,kevin lima
4524,brian smith
4525,ryu jung-woo
4526,sonia lowman
4527,john carchietta
4528,michael pressman
4529,steve barron
4530,einar gabbassov
4531,natalia garagiola
4532,jevons au
4533,zune kwok
4534,chow kwun-wai
4535,yann arthus-bertrand
4536,michael pitiot
4537,damien leone
4538,sukhbir singh
4539,dheeraj berry
4540,mitzi vanessa arreola
4541,amir galvan cervera
4542,matthew shoychet
4543,pamela romanowsky
4544,geoff anderson
4545,esteban sapir
4546,jee-woon kim
4547,andrew douglas
4548,thurop van orman
4549,john rice
4550,jonathan sobol
4551,christian duguay
4552,andrã© ã¸vredal
4553,kurt voelker
4554,elliot hegarty
4555,keith fulton
4556,louis pepe
4557,brian m. conley
4558,nathan ives
4559,john ford
4560,tommy avallone
4561,rolfe kanefsky
4562,philippe falardeau
4563,kevin ford
4564,smriti keshari
4565,eric schlosser
4566,albert hughes
4567,allen hughes
4568,olivier loustau
4569,richard kelly
4570,william brent bell
4571,mark herman
4572,neil jordan
4573,ken kushner
4574,nora twomey
4575,zach braff
4576,stacy title
4577,graham phillips
4578,parker phillips
4579,ofir raul graizer
4580,bumpy
4581,elliot silverstein
4582,sean menard
4583,jon gunn
4584,tarek al eryan
4585,craig moss
4586,magdy al-hawwary
4587,antonio chavarrã­as
4588,john stephenson
4589,michael buster
4590,bob nelson
4591,ari folman
4592,andrew fleming
4593,kirk de micco
4594,chris sanders
4595,marek piwowski
4596,jarrad paul
4597,andrew mogel
4598,satish manwar
4599,frank oz
4600,tariq khan
4601,peter mortimer
4602,josh lowell
4603,cecilia atã¡n
4604,valeria pivato
4605,blair hayes
4606,william friedkin
4607,stephanie soechtig
4608,jeremy seifert
4609,bette gordon
4610,kieran darcy-smith
4611,robert berlinger
4612,paul andrew williams
4613,james ponsoldt
4614,david leveaux
4615,michael samuels
4616,jenã©e lamarque
4617,coerte voorhees
4618,john voorhees
4619,rodrigo van der put
4620,hugh wilson
4621,meng hua ho
4622,peter nicks
4623,oliver frampton
4624,scott walker
4625,mario mattei
4626,cody stokes
4627,doron paz
4628,yoav paz
4629,paul shoulberg
4630,kasra farahani
4631,michel gondry
4632,michael g. kehoe
4633,mickey liddell
4634,paco arango
4635,maya gallus
4636,chad archibald
4637,mark columbus
4638,lauren hoekstra
4639,sarah kruchowski
4640,damani baker
4641,rudradeep bhattacharjee
4642,rob w. king
4643,isaac ezban
4644,philip einstein lipski
4645,jã¸rgen lerdam
4646,amalie nã¦sby fick
4647,femi oyeniran
4648,kalvadour peterson
4649,nicky slimting walker
4650,matthew robinson
4651,phyllida lloyd
4652,benjamin cohen
4653,nicolas cotto
4654,robin swicord
4655,karen moncrieff
4656,alejandro agresti
4657,timothy reckart
4658,pieter-jan de pue
4659,gillian armstrong
4660,mark craig
4661,dennis scholl
4662,rob smat
4663,blake harris
4664,chris bouchard
4665,brian o'malley
4666,jay lyons
4667,robert aldrich
4668,fred durst
4669,joshua oppenheimer
4670,marco schnabel
4671,robert cannan
4672,ross adam
4673,steven r. monroe
4674,staniså‚aw rã³å¼ewicz
4675,johnny to
4676,robert tate
4677,john mikulak
4678,joshua brown
4679,christopher loren ewers
4680,erik ewers
4681,park in-je
4682,william wyler
4683,grant heslov
4684,mads matthiesen
4685,cosmo feilding-mellen
4686,john banas
4687,michael radford
4688,stuart heisler
4689,carly stone
4690,stefan aust
4691,dirk laabs
4692,joe johnston
4693,ben a. williams
4694,mimi leder
4695,alan j. pakula
4696,jean-pierre devillers
4697,stephen chbosky
4698,joel schumacher
4699,peggy holmes
4700,bryan buckley
4701,peter lord
4702,jeff newitt
4703,keerthi
4704,robert mccallum
4705,chan-sang lim
4706,brian a. miller
4707,martha coolidge
4708,ron clements
4709,john musker
4710,na hyeon
4711,john papola
4712,grant korgan
4713,brian niles
4714,francis ford coppola
4715,miriam chandy menacherry
4716,kevin derek
4717,shaina allen
4718,mariah moore
4719,marston sawyers
4720,alison maclean
4721,stephan rick
4722,steve barker
4723,dejan zeäeviä‡
4724,hadi el bagoury
4725,lone scherfig
4726,n.d. wilson
4727,curtis hanson
4728,christian e. christiansen
4729,bruce robinson
4730,austin stark
4731,kristian levring
4732,giancarlo esposito
4733,william eubank
4734,will eubank
4735,sunil soraya
4736,krzysztof zanussi
4737,thomas meadmore
4738,kyle patrick alvarez
4739,will lockhart
4740,cole d. pruitt
4741,tobe hooper
4742,mohammed el-tahawy
4743,mohamed mostafa
4744,lena khan
4745,leanne gater
4746,robert schwentke
4747,brendan malloy
4748,david koepp
4749,ben brewer
4750,alex brewer
4751,david briggs
4752,kevin donovan
4753,jean-pierre dardenne
4754,luc dardenne
4755,mark neveldine
4756,ossama abu el atta
4757,russell crowe
4758,jay russell
4759,robert eggers
4760,kyle rankin
4761,neil rawles
4762,emil ben-shimon
4763,laurent cantet
4764,michael apted
4765,victoria bromley
4766,george mendeluk
4767,peter foott
4768,peter svatek
4769,saheed arafath
4770,charlotte zwerin
4771,david shisgall
4772,derek hui
4773,wim bonte
4774,raam reddy
4775,bin bunluerit
4776,benjamin ross
4777,stephen hopkins
4778,jordan ross
4779,john sturges
4780,li jun
4781,steve loter
4782,sonny marler
4783,edward ellis
4784,flor salcedo
4785,aaron woolf
4786,beeban kidron
4787,michael cumming
4788,kyoko miyake
4789,phil roman
4790,roger spottiswoode
4791,buddhadev dasgupta
4792,sukum maetawanitch
4793,jeffrey nachmanoff
4794,wally pfister
4795,richard bates jr.
4796,jon reiner
4797,brad rothschild
4798,ron underwood
4799,s.s. wilson
4800,brent maddock
4801,adam smith
4802,jitender pawar
4803,nicholas zeig-owens
4804,shaul schwarz
4805,christina clusiau
4806,tekin girgin
4807,henry hathaway
4808,preston a. whitmore ii
4809,hugh stewart
4810,david soren
4811,hidetaka inazuka
4812,buz wallick
4813,gary young
4814,susan lambert
4815,stefan moore
4816,benedict andrews
4817,paul feig
4818,michael mazzola
4819,chris burkard
4820,jonathan glazer
4821,sanjay patel
4822,sherif mandour
4823,jason reitman
4824,pradeep verma
4825,mario van peebles
4826,ashu trikha
4827,amanda micheli
4828,gurinder chadha
4829,brandon dickerson
4830,david l.g. hughes
4831,harvey lilley
4832,gary michael schultz
4833,p.t. kunju muhammad
4834,ganesh kadam
4835,kushal srivastava
4836,ed lilly
4837,bilal lashari
4838,param gill
4839,anu menon
4840,rob mckittrick
4841,marc francis
4842,max pugh
4843,alex smith
4844,andrew j. smith
4845,philip g. atwell
4846,faraz haider
4847,john michael mcdonagh
4848,jack zagha kababie
4849,marina zenovich
4850,tiffanie hsu
4851,max joseph
4852,david serrano
4853,jeremiah zagar
4854,antoni krauze
4855,chi fat chan
4856,ashish r. mohan
4857,stephen donnelly
4858,olly reid
4859,jun falkenstein
4860,abel ferrara
4861,trevor ryan
4862,michael fahey
4863,huang lei
4864,rebecca harrison
4865,josh mendoza
4866,ritu sarin
4867,tenzing sonam
4868,heidi brandenburg
4869,mathew orzel
4870,marek kanievska
4871,paul raschid
4872,drew stone
4873,milla harrison-hansley
4874,alicky sussman
4875,theo davies
4876,adrian murray
4877,bart freundlich
4878,storm theunissen
4879,david guy levy
4880,yasir nawaz
4881,lawrence kasdan
4882,jovanka vuckovic
4883,annie clark
4884,roxanne benjamin
4885,n. chandra
4886,abu bakr shawky
4887,christian de vita
4888,saratswadee wongsomphet
4889,kirati nakintanon
4890,mark risley
4891,james brown
4892,ivona juka
4893,mu chu
4894,chandra prakash dwivedi
4895,majid al ansari
4896,peter hewitt
4897,mozez singh
